,prompts,keys,outputs
0,"Turkey Ankara, Nigeria Abuja, Romania Bucharest, Ireland Dublin, Serbia Belgrade, South Africa Pretoria, Mauritania",Nouakchott,"Nouakchott, United Arab Emirates Dub"
1,"Ecuador Quito, Bolivia Sucre, Somalia Mogadishu, Belarus Minsk, Argentina Buenos Aires, Israel Jerusalem, Russia",Moscow,"Moscow, Russia Moscow, Russia Moscow, Russia Moscow, Russia"
2,"Lebanon Beirut, China Beijing, Malaysia Kuala Lumpur, Equatorial Guinea Malabo, Afghanistan Kabul, Turkey Ankara, Ireland",Dublin,"Dublin, France Paris, Switzerland Geneva, Germany Berlin,"
3,"Kazakhstan Nursultan, Latvia Riga, Malawi Lilongwe, Israel Jerusalem, Ukraine Kiev, New Zealand Wellington, Sweden",Stockholm,"Stockholm, Switzerland Geneva, South Africa Cape Town, Spain"
4,"Myanmar Nay Pyi Taw, Ivory Coast Yamoussoukro, Angola Luanda, United Arab Emirates Abu Dhabi, Botswana Gaborone, Central African Republic Bangui, Nicaragua",Managua,"Managua, Bahrain Manama, Rwanda K"
5,"Georgia Tbilisi, Israel Jerusalem, South Africa Pretoria, Canada Ottawa, Malawi Lilongwe, Denmark Copenhagen, El Salvador",San Salvador,"San Salvador, Germany Berlin, Ethiopia Addis Ab"
6,"Republic of the Congo Brazzaville, Philippines Manila, Puerto Rico San Juan, Equatorial Guinea Malabo, Eswatini Mbabane, Benin Porto-Novo, Lebanon",Beirut,"Beirut, Burundi Bujumbura,"
7,"Trinidad and Tobago Port-of-Spain, Ecuador Quito, Kyrgyzstan Bishkek, Kazakhstan Nursultan, Togo Lomé, Guatemala Guatemala City, South Korea",Seoul,"Seoul, Malaysia Kuala Lumpur,"
8,"New Zealand Wellington, China Beijing, Liberia Monrovia, Kenya Nairobi, Guinea Conakry, Nigeria Abuja, Libya",Tripoli,"Tripoli, Rwanda Kigali, U"
9,"Serbia Belgrade, Cameroon Yaounde, Mexico Mexico City, China Beijing, Sri Lanka Colombo, Syria Damascus, Cyprus",Nicosia,"Nicosia, Turkey Ankara, United States of"
10,"El Salvador San Salvador, Haiti Port-au-Prince, Papua New Guinea Port Moresby, Cameroon Yaounde, Burundi Bujumbura, Canada Ottawa, Mozambique",Maputo,"Maputo, United States Washington DC, United States Washington DC"
11,"Sri Lanka Colombo, Bolivia Sucre, Togo Lomé, Sudan Khartoum, Denmark Copenhagen, Canada Ottawa, Slovenia",Ljubljana,"Ljubljana, United States Washington, United States Washington"
12,"Cameroon Yaounde, Malawi Lilongwe, Tanzania Dodoma, Azerbaijan Baku, Vietnam Hanoi, Norway Oslo, Eswatini",Mbabane,"Mbabane, Nigeria Abuja, Al"
13,"India New Delhi, Republic of the Congo Brazzaville, Peru Lima, Mauritius Port Louis, Nigeria Abuja, Canada Ottawa, North Korea",Pyongyang,"Pyongyang, China Beijing, Iran Te"
14,"Nigeria Abuja, Rwanda Kigali, Armenia Yerevan, China Beijing, Mauritius Port Louis, United Arab Emirates Abu Dhabi, Austria",Vienna,"Vienna, India Mumbai, France Paris, Germany Frankfurt"
15,"Trinidad and Tobago Port-of-Spain, Ivory Coast Yamoussoukro, Slovenia Ljubljana, El Salvador San Salvador, Israel Jerusalem, Timor-Leste Dili, Serbia",Belgrade,"Belgrade, Czech Republic Prague, Switzerland Geneva,"
16,"Djibouti Djibouti, Cameroon Yaounde, Switzerland Bern, Jordan Amman, Gambia Banjul, Albania Tirana, Finland",Helsinki,"Helsinki, Senegal Dakar, Mali"
17,"Syria Damascus, Sri Lanka Colombo, United Kingdom London, Madagascar Antananarivo, China Beijing, United Arab Emirates Abu Dhabi, Haiti",Port-au-Prince,"Port-au-Prince, Honduras Teg"
18,"Gambia Banjul, United Arab Emirates Abu Dhabi, Libya Tripoli, Niger Niamey, Morocco Rabat, Uruguay Montevideo, Poland",Warsaw,"Warsaw, Ghana Accra, Nigeria Abu"
19,"Poland Warsaw, Switzerland Bern, Cuba Havana, Vietnam Hanoi, United States Washington, D.C., Belgium Brussels, Mauritania",Nouakchott,"Nouakchott, Spain Barcelona, Italy Milan,"
20,"Algeria Algiers, Equatorial Guinea Malabo, South Africa Pretoria, Myanmar Nay Pyi Taw, Haiti Port-au-Prince, Indonesia Jakarta, Palestine",Ramallah,"Ramallah, and the United Arab Emirates Ab"
21,"Cameroon Yaounde, Nigeria Abuja, Papua New Guinea Port Moresby, Honduras Tegucigalpa, South Africa Pretoria, Oman Muscat, Syria",Damascus,"Damascus, United States Washington, U.S."
22,"Gambia Banjul, Tanzania Dodoma, Timor-Leste Dili, Turkey Ankara, Niger Niamey, Hungary Budapest, Burkina Faso",Ouagadougou,"Ouagadougou, Cameroon Yaound"
23,"Germany Berlin, Cameroon Yaounde, Chad N'Djamena, Malawi Lilongwe, Burundi Bujumbura, Myanmar Nay Pyi Taw, Costa Rica",San José,"San Jose, Djibouti Djibouti,"
24,"Uruguay Montevideo, India New Delhi, Thailand Bangkok, Philippines Manila, Gambia Banjul, Colombia Bogota, Sweden",Stockholm,"Stockholm, Brazil Rio de Janeiro, United States Washington, D"
25,"Nicaragua Managua, Sri Lanka Colombo, Central African Republic Bangui, Vietnam Hanoi, Morocco Rabat, Yemen Sanaa, Lithuania",Vilnius,"Vilnius, South Africa Johannesburg, Ghana Accra"
26,"India New Delhi, Mauritania Nouakchott, Chad N'Djamena, Hungary Budapest, United Arab Emirates Abu Dhabi, Tanzania Dodoma, Angola",Luanda,"Luanda, Zimbabwe Harare, Ug"
27,"Djibouti Djibouti, New Zealand Wellington, Mali Bamako, South Sudan Juba, Morocco Rabat, Pakistan Islamabad, Honduras",Tegucigalpa,"Tegucigalpa, Canada Ottawa, India"
28,"United States Washington, D.C., Togo Lomé, Burundi Bujumbura, Mali Bamako, Trinidad and Tobago Port-of-Spain, Spain Madrid, Somalia",Mogadishu,"Mogadishu, Spain Seville, France Paris"
29,"Slovakia Bratislava, Ukraine Kiev, United Kingdom London, Australia Canberra, Ecuador Quito, Switzerland Bern, Panama",Panama City,"City, United States Washington, United States New York, United"
30,"Nigeria Abuja, Ecuador Quito, Switzerland Bern, Sweden Stockholm, Spain Madrid, Mauritania Nouakchott, Thailand",Bangkok,"Bangkok, United States Washington, D.C."
31,"Hong Kong Hong Kong, Gambia Banjul, Ivory Coast Yamoussoukro, Mozambique Maputo, Mali Bamako, New Zealand Wellington, Uganda",Kampala,"Kampala, United Kingdom London, United States Washington D"
32,"Kuwait Kuwait City, Poland Warsaw, Gambia Banjul, Vietnam Hanoi, Burundi Bujumbura, Burkina Faso Ouagadougou, Chad",N'Djamena,"N'Djamena, Djibouti Dj"
33,"Kuwait Kuwait City, Georgia Tbilisi, Estonia Tallinn, Kazakhstan Nursultan, Ecuador Quito, Myanmar Nay Pyi Taw, Guinea-Bissau",Bissau,"Bissau, Kazakhstan Almaty, K"
34,"North Macedonia Skopje, Liberia Monrovia, Bangladesh Dhaka, Turkey Ankara, United States Washington, D.C., Ecuador Quito, Belarus",Minsk,"Minsk, Italy Milan, United States New York, United"
35,"Slovenia Ljubljana, Central African Republic Bangui, Benin Porto-Novo, Mongolia Ulaanbaatar, United Arab Emirates Abu Dhabi, Gambia Banjul, Albania",Tirana,"Tirana, Algeria Algiers, Argentina Buenos"
36,"Taiwan Taipei, Philippines Manila, China Beijing, Cuba Havana, Yemen Sanaa, Romania Bucharest, Haiti",Port-au-Prince,"Port-au-Prince, Honduras Teg"
37,"Uruguay Montevideo, Australia Canberra, India New Delhi, Jordan Amman, Somalia Mogadishu, Nigeria Abuja, Moldova",Chisinau,"Chisinau, United States New York City, United"
38,"Mexico Mexico City, Turkey Ankara, Iraq Baghdad, Philippines Manila, Gambia Banjul, Rwanda Kigali, Timor-Leste",Dili,"Dili, and 15 more
Sustain"
39,"South Africa Pretoria, Venezuela Caracas, Colombia Bogota, Turkey Ankara, Tajikistan Dushanbe, Gambia Banjul, Honduras",Tegucigalpa,"Tegucigalpa, India New Delhi,"
40,"Benin Porto-Novo, Puerto Rico San Juan, Myanmar Nay Pyi Taw, Lesotho Maseru, Ecuador Quito, Timor-Leste Dili, Peru",Lima,"Lima, Peru Cusco, Peru Puerto Maldon"
41,"Bulgaria Sofia, China Beijing, Niger Niamey, Guinea-Bissau Bissau, Philippines Manila, Morocco Rabat, Estonia",Tallinn,"Tallinn, Romania Bucharest, Spain Barcelona"
42,"Costa Rica San José, United States Washington, D.C., New Zealand Wellington, Sweden Stockholm, Lesotho Maseru, Vietnam Hanoi, South Sudan",Juba,"Juba, Tanzania Dar es Salaam,"
43,"Benin Porto-Novo, Tanzania Dodoma, Algeria Algiers, Palestine Ramallah, Israel Jerusalem, Liberia Monrovia, Lesotho",Maseru,"Maseru, Burundi Bujumbura,"
44,"Sudan Khartoum, Nepal Kathmandu, Iran Tehran, United States Washington, D.C., Morocco Rabat, Nigeria Abuja, Eritrea",Asmara,"Asmara, Ethiopia Addis Ababa,"
45,"Taiwan Taipei, Libya Tripoli, Ghana Accra, United States Washington, D.C., Morocco Rabat, Somalia Mogadishu, Costa Rica",San José,"San Jose, South Sudan Juba, Zimbab"
46,"Lebanon Beirut, Ethiopia Addis Ababa, Trinidad and Tobago Port-of-Spain, Ecuador Quito, Egypt Cairo, Equatorial Guinea Malabo, Malaysia",Kuala Lumpur,"Kuala Lumpur, Malta Valletta"
47,"Mozambique Maputo, Ecuador Quito, Cameroon Yaounde, New Zealand Wellington, Gabon Libreville, Norway Oslo, Netherlands",Amsterdam,"Amsterdam, Tanzania Dar es Salaam, Italy"
48,"Libya Tripoli, Switzerland Bern, Azerbaijan Baku, China Beijing, South Africa Pretoria, Palestine Ramallah, Cyprus",Nicosia,"Nicosia, Kazakhstan Astana, United Kingdom"
49,"Kazakhstan Nursultan, Peru Lima, Senegal Dakar, Madagascar Antananarivo, Ivory Coast Yamoussoukro, Vietnam Hanoi, Botswana",Gaborone,"Gaborone, Tanzania Dar es Salaam"
50,"Equatorial Guinea Malabo, Turkmenistan Ashgabat, Bolivia Sucre, Nicaragua Managua, Myanmar Nay Pyi Taw, South Sudan Juba, Mali",Bamako,"Bamako, Burundi Bujumbura,"
51,"United States Washington, D.C., Uruguay Montevideo, India New Delhi, Benin Porto-Novo, Kyrgyzstan Bishkek, Bahrain Manama, Sierra Leone",Freetown,"Freetown, Saudi Arabia Jeddah,"
52,"Ivory Coast Yamoussoukro, Austria Vienna, China Beijing, Honduras Tegucigalpa, Puerto Rico San Juan, Trinidad and Tobago Port-of-Spain, Madagascar",Antananarivo,"Antananarivo, United States Washington, D."
53,"Uzbekistan Tashkent, Cameroon Yaounde, Mozambique Maputo, Syria Damascus, United Arab Emirates Abu Dhabi, Burundi Bujumbura, Netherlands",Amsterdam,"Antilles Willemstad, Tajikistan Dush"
54,"Egypt Cairo, Pakistan Islamabad, Yemen Sanaa, Tanzania Dodoma, Lebanon Beirut, Australia Canberra, Indonesia",Jakarta,"Jakarta, South Korea Seoul, Italy Rome, United"
55,"Japan Tokyo, Mali Bamako, Vietnam Hanoi, North Macedonia Skopje, New Zealand Wellington, United States Washington, D.C., Mexico",Mexico City,"City, United States Washington, D.C.
The"
56,"Kenya Nairobi, New Zealand Wellington, Trinidad and Tobago Port-of-Spain, Madagascar Antananarivo, Angola Luanda, Cameroon Yaounde, Yemen",Sanaa,"Sanaa, Canada Toronto, Ethiopia Addis"
57,"Guinea Conakry, Turkey Ankara, Madagascar Antananarivo, Bulgaria Sofia, Vietnam Hanoi, Switzerland Bern, Niger",Niamey,"ia Abuja, Rwanda Kigali,"
58,"Turkey Ankara, Mexico Mexico City, Russia Moscow, Hong Kong Hong Kong, United States Washington, D.C., Trinidad and Tobago Port-of-Spain, Egypt",Cairo,"Cairo, Canada Toronto, China Beijing, India"
59,"Greece Athens, Gambia Banjul, Tanzania Dodoma, Myanmar Nay Pyi Taw, Cuba Havana, Bahrain Manama, Netherlands",Amsterdam,"The Hague, Portugal Lisbon, Rwanda K"
60,"Switzerland Bern, Cuba Havana, Myanmar Nay Pyi Taw, South Sudan Juba, Benin Porto-Novo, Libya Tripoli, Laos",Vientiane,"Vientiane, Tajikistan Dushanbe"
61,"Switzerland Bern, Brazil Brasilia, Guatemala Guatemala City, Equatorial Guinea Malabo, Greece Athens, Denmark Copenhagen, Guinea-Bissau",Bissau,"Bissau, Greece Athens, India New Delhi"
62,"Cuba Havana, China Beijing, Taiwan Taipei, Benin Porto-Novo, Sierra Leone Freetown, Niger Niamey, Panama",Panama City,"Panama City, Togo Lome, Uganda"
63,"India New Delhi, Australia Canberra, Malaysia Kuala Lumpur, Singapore Singapore, Philippines Manila, Timor-Leste Dili, Peru",Lima,"Lima, Sri Lanka Colombo, Nepal Kath"
64,"Ukraine Kiev, Vietnam Hanoi, South Korea Seoul, Brazil Brasilia, South Africa Pretoria, Cambodia Phnom Penh, Eswatini",Mbabane,"Mbabane, France Paris, Germany Berlin, Italy"
65,"Iraq Baghdad, Liberia Monrovia, Brazil Brasilia, Australia Canberra, Equatorial Guinea Malabo, Chad N'Djamena, Ethiopia",Addis Ababa,"Addis Ababa, France Paris, India New Delhi"
66,"Papua New Guinea Port Moresby, Brazil Brasilia, Vietnam Hanoi, South Sudan Juba, Panama Panama City, Pakistan Islamabad, Estonia",Tallinn,"Tallinn, Thailand Bangkok, Japan Tokyo"
67,"Trinidad and Tobago Port-of-Spain, Sudan Khartoum, Ivory Coast Yamoussoukro, Gambia Banjul, Palestine Ramallah, Somalia Mogadishu, Iran",Tehran,"Tehran, Lebanon Beirut, Venezuela Car"
68,"Philippines Manila, North Korea Pyongyang, China Beijing, Guinea-Bissau Bissau, Egypt Cairo, Australia Canberra, El Salvador",San Salvador,"San Salvador, United States Washington, Iran Tehran,"
69,"Eritrea Asmara, Myanmar Nay Pyi Taw, Burundi Bujumbura, Angola Luanda, South Sudan Juba, Ecuador Quito, Singapore",Singapore,", Maldives Male, Sri Lanka Colombo"
70,"Bulgaria Sofia, Liberia Monrovia, Morocco Rabat, Cameroon Yaounde, Portugal Lisbon, Australia Canberra, Iraq",Baghdad,"Baghdad, Germany Berlin, Netherlands The Hague,"
71,"Greece Athens, Dominican Republic Santo Domingo, Sri Lanka Colombo, Ecuador Quito, Switzerland Bern, Togo Lomé, Libya",Tripoli,"Tripoli, United Arab Emirates Dubai,"
72,"Niger Niamey, Cameroon Yaounde, Sweden Stockholm, El Salvador San Salvador, Turkey Ankara, Philippines Manila, Lesotho",Maseru,"Maseru, Malawi Lilongwe, Z"
73,"Venezuela Caracas, Palestine Ramallah, Canada Ottawa, Ivory Coast Yamoussoukro, Denmark Copenhagen, Turkey Ankara, Finland",Helsinki,"Helsinki, and 13 more
Iran"
74,"Myanmar Nay Pyi Taw, Spain Madrid, Brazil Brasilia, Australia Canberra, Turkmenistan Ashgabat, Hungary Budapest, North Macedonia",Skopje,"Skopje, Uzbekistan Tashkent"
75,"Lithuania Vilnius, Iran Tehran, Morocco Rabat, Canada Ottawa, Myanmar Nay Pyi Taw, Ukraine Kiev, United Kingdom",London,"London, Japan Tokyo, United States Washington, Germany Berlin,"
76,"Malaysia Kuala Lumpur, Haiti Port-au-Prince, United Arab Emirates Abu Dhabi, Switzerland Bern, Israel Jerusalem, Guinea-Bissau Bissau, North Korea",Pyongyang,"Pyongyang, South Korea Seoul, United States"
77,"El Salvador San Salvador, Tanzania Dodoma, Australia Canberra, Lithuania Vilnius, Venezuela Caracas, Cameroon Yaounde, Turkmenistan",Ashgabat,"Ashgabat, Guatemala Guatemala City"
78,"Paraguay Asunción, Latvia Riga, Australia Canberra, Jordan Amman, Bolivia Sucre, Cameroon Yaounde, United Kingdom",London,"London, Canada Ottawa, Chile Santiago, China Beij"
79,"Gambia Banjul, Taiwan Taipei, Brazil Brasilia, Chad N'Djamena, Palestine Ramallah, South Korea Seoul, Niger",Niamey,"ia Abuja, and more cities.
The Emb"
80,"Ecuador Quito, Switzerland Bern, Bahrain Manama, South Korea Seoul, Ivory Coast Yamoussoukro, Algeria Algiers, Cuba",Havana,"Havana, Panama Panama City, Bolivia La"
81,"New Zealand Wellington, Panama Panama City, Yemen Sanaa, Nicaragua Managua, Bolivia Sucre, Cameroon Yaounde, Ghana",Accra,"Accra, Ecuador Guayaquil, El Salvador"
82,"Turkey Ankara, Madagascar Antananarivo, Tanzania Dodoma, New Zealand Wellington, Japan Tokyo, Kuwait Kuwait City, Timor-Leste",Dili,"Dili, China Beijing, Indonesia Jakarta"
83,"Guinea Conakry, Sri Lanka Colombo, Ecuador Quito, Cuba Havana, Palestine Ramallah, Myanmar Nay Pyi Taw, Mexico",Mexico City,"Mexico City, Colombia Bogota, Vietnam Hanoi,"
84,"Mauritania Nouakchott, China Beijing, Philippines Manila, DR Congo Kinshasa, Italy Rome, Kazakhstan Nursultan, Indonesia",Jakarta,"Jakarta, South Africa Johannesburg, Kuwait K"
85,"Ecuador Quito, Trinidad and Tobago Port-of-Spain, Timor-Leste Dili, Philippines Manila, Iraq Baghdad, Uganda Kampala, Austria",Vienna,"Vienna, United States of America Washington, United States of America"
86,"Slovakia Bratislava, Pakistan Islamabad, Ecuador Quito, China Beijing, Romania Bucharest, Senegal Dakar, Austria",Vienna,"Vienna, Canada Montreal, Canada Toronto, Australia Melbourne, South"
87,"Mexico Mexico City, Switzerland Bern, Bolivia Sucre, Sudan Khartoum, Uzbekistan Tashkent, United Arab Emirates Abu Dhabi, Cyprus",Nicosia,"Nicosia, Spain Madrid, France Paris, Georgia T"
88,"Iran Tehran, China Beijing, Benin Porto-Novo, Libya Tripoli, France Paris, Equatorial Guinea Malabo, Albania",Tirana,"Tirana, Armenia Yerevan, Azerba"
89,"Bolivia Sucre, Tajikistan Dushanbe, Eritrea Asmara, Sri Lanka Colombo, Bosnia and Herzegovina Sarajevo, Gambia Banjul, Cambodia",Phnom Penh,"Phnom Penh, Bhutan Thimphu"
90,"Brazil Brasilia, Taiwan Taipei, Latvia Riga, Cambodia Phnom Penh, France Paris, Cameroon Yaounde, Gabon",Libreville,"Libreville, Ghana Accra, Guyana Ge"
91,"Colombia Bogota, Gambia Banjul, Brazil Brasilia, Slovenia Ljubljana, Italy Rome, Taiwan Taipei, Romania",Bucharest,"Bucharest, China Beijing, Australia Melbourne,"
92,"Gambia Banjul, Sweden Stockholm, Equatorial Guinea Malabo, South Africa Pretoria, North Macedonia Skopje, Netherlands Amsterdam, Guinea-Bissau",Bissau,"Bissau, Serbia Belgrade, Benin Cot"
93,"Australia Canberra, Croatia Zagreb, Mozambique Maputo, Ecuador Quito, New Zealand Wellington, Thailand Bangkok, Malaysia",Kuala Lumpur,"Kuala Lumpur, Sri Lanka Colom"
94,"Estonia Tallinn, Latvia Riga, Ivory Coast Yamoussoukro, Nigeria Abuja, Cambodia Phnom Penh, Turkey Ankara, Malaysia",Kuala Lumpur,"Kuala Lumpur, Maldives Malé"
95,"Cameroon Yaounde, Morocco Rabat, Colombia Bogota, China Beijing, Kenya Nairobi, Tunisia Tunis, Mauritius",Port Louis,"Port Louis, Morocco Casablanca, Eth"
96,"Australia Canberra, Zimbabwe Harare, Zambia Lusaka, Burundi Bujumbura, Djibouti Djibouti, Kazakhstan Nursultan, Ukraine",Kiev,"Kiev, South Africa Johannesburg, Zimbabwe"
97,"Morocco Rabat, Taiwan Taipei, Romania Bucharest, Albania Tirana, Burundi Bujumbura, Rwanda Kigali, Colombia",Bogota,"Bogota, Costa Rica San Jose, Cote d'"
98,"Norway Oslo, Australia Canberra, Ecuador Quito, United States Washington, D.C., Saudi Arabia Riyadh, Iraq Baghdad, Costa Rica",San José,"San Jose, United Arab Emirates Dubai, United"
99,"Egypt Cairo, Estonia Tallinn, United States Washington, D.C., Colombia Bogota, Kazakhstan Nursultan, Equatorial Guinea Malabo, Spain",Madrid,"Madrid, Switzerland Bern, Uzbekistan Tashk"
100,"Mexico Mexico City, Benin Porto-Novo, Trinidad and Tobago Port-of-Spain, Equatorial Guinea Malabo, Ethiopia Addis Ababa, Albania Tirana, Hungary",Budapest,"Budapest, Iceland Reykjavik, Kenya"
101,"United States Washington, D.C., Nigeria Abuja, Philippines Manila, Moldova Chisinau, Thailand Bangkok, Malawi Lilongwe, Central African Republic",Bangui,"Bangui, Colombia Bogota, Mexico City, Nigeria"
102,"Cambodia Phnom Penh, Belgium Brussels, Gambia Banjul, Philippines Manila, El Salvador San Salvador, Switzerland Bern, Germany",Berlin,"Berlin, United Kingdom London, United States Washington, United States"
103,"Madagascar Antananarivo, New Zealand Wellington, Croatia Zagreb, Pakistan Islamabad, Gambia Banjul, Colombia Bogota, Moldova",Chisinau,"Chisinau, and 10 more.
"
104,"Puerto Rico San Juan, Benin Porto-Novo, Chile Santiago, Morocco Rabat, Libya Tripoli, Trinidad and Tobago Port-of-Spain, Singapore",Singapore,"Singapore, Singapore Singapore, Singapore Singapore, Singapore Singapore, Singapore"
105,"Ghana Accra, Brazil Brasilia, Philippines Manila, Uruguay Montevideo, Myanmar Nay Pyi Taw, Puerto Rico San Juan, Guinea-Bissau",Bissau,"Bissau, South Africa Cape Town, India Mumb"
106,"Croatia Zagreb, Gambia Banjul, Nepal Kathmandu, Cameroon Yaounde, Ecuador Quito, United Kingdom London, Panama",Panama City,"Panama City, Russia Moscow, Singapore Singapore, Spain Madrid"
107,"Central African Republic Bangui, China Beijing, Uzbekistan Tashkent, Australia Canberra, Tanzania Dodoma, Croatia Zagreb, Laos",Vientiane,"Vientiane, India Mumbai, Indonesia Jak"
108,"Puerto Rico San Juan, Kuwait Kuwait City, Kazakhstan Nursultan, Bahrain Manama, Pakistan Islamabad, Sri Lanka Colombo, Kyrgyzstan",Bishkek,"Bishkek, Tajikistan Dushan"
109,"Uruguay Montevideo, Turkey Ankara, India New Delhi, Zambia Lusaka, Switzerland Bern, Senegal Dakar, Netherlands",Amsterdam,"Amsterdam, Germany Frankfurt am Main, Cameroon Yaound"
110,"Argentina Buenos Aires, Kuwait Kuwait City, Sri Lanka Colombo, United Arab Emirates Abu Dhabi, Namibia Windhoek, Israel Jerusalem, Indonesia",Jakarta,"Jakarta, Brazil Rio de Janeiro, Brazil Sao Paulo"
111,"Nigeria Abuja, Gambia Banjul, Czech Republic Prague, Malawi Lilongwe, New Zealand Wellington, Lebanon Beirut, Belgium",Brussels,"Brussels, Benin Republic Cotonou, Bur"
112,"Dominican Republic Santo Domingo, Benin Porto-Novo, Spain Madrid, Croatia Zagreb, Pakistan Islamabad, Burundi Bujumbura, Botswana",Gaborone,"Gaborone, Cape Verde Praia, China Be"
113,"Equatorial Guinea Malabo, Sudan Khartoum, Guinea Conakry, Singapore Singapore, Nigeria Abuja, South Africa Pretoria, Georgia",Tbilisi,"Tbilisi, Congo Brazzaville, Congo Kin"
114,"Canada Ottawa, Morocco Rabat, Norway Oslo, Pakistan Islamabad, Peru Lima, Japan Tokyo, Mexico",Mexico City,"Mexico City, Netherlands Amsterdam, New Zealand Wellington, Niger"
115,"New Zealand Wellington, Pakistan Islamabad, Laos Vientiane, Denmark Copenhagen, Zimbabwe Harare, Ivory Coast Yamoussoukro, Japan",Tokyo,"Tokyo, China Shanghai, United Kingdom London, Russia Moscow"
116,"Malawi Lilongwe, Canada Ottawa, Nigeria Abuja, Tunisia Tunis, Myanmar Nay Pyi Taw, Azerbaijan Baku, Lesotho",Maseru,"Maseru, Rwanda Kigali, Z"
117,"Tanzania Dodoma, Burkina Faso Ouagadougou, Thailand Bangkok, Turkey Ankara, Greece Athens, Burundi Bujumbura, Austria",Vienna,"Vienna, Belgium Brussels, Benin Coton"
118,"Laos Vientiane, United States Washington, D.C., New Zealand Wellington, Poland Warsaw, Ukraine Kiev, Australia Canberra, Denmark",Copenhagen,"Copenhagen, Finland Helsinki, Germany Berlin,"
119,"Rwanda Kigali, Papua New Guinea Port Moresby, Nigeria Abuja, North Korea Pyongyang, Sri Lanka Colombo, New Zealand Wellington, Guinea",Conakry,"-Bissau Bissau, Guyana Geor"
120,"Nigeria Abuja, Liberia Monrovia, Kuwait Kuwait City, Israel Jerusalem, Canada Ottawa, Slovenia Ljubljana, Lebanon",Beirut,"Beirut, Switzerland Geneva, Switzerland Geneva,"
121,"Philippines Manila, Qatar Doha, Taiwan Taipei, Malaysia Kuala Lumpur, Morocco Rabat, Eswatini Mbabane, South Korea",Seoul,"Seoul, United States Los Angeles, United States New York"
122,"Spain Madrid, Gambia Banjul, Croatia Zagreb, Vietnam Hanoi, Germany Berlin, Philippines Manila, Netherlands",Amsterdam,"Amsterdam, and many more.
The best part about the"
123,"Burundi Bujumbura, Mali Bamako, Estonia Tallinn, United States Washington, D.C., Portugal Lisbon, Nigeria Abuja, Kuwait",Kuwait City,"Kuwait City, Libya Tripoli, Mor"
124,"Senegal Dakar, India New Delhi, Malaysia Kuala Lumpur, Canada Ottawa, Morocco Rabat, Greece Athens, Colombia",Bogota,"Bogota, United States Washington DC, United States Washington DC"
125,"Chad N'Djamena, Philippines Manila, South Africa Pretoria, Eswatini Mbabane, Cambodia Phnom Penh, Canada Ottawa, Norway",Oslo,"Oslo, United Kingdom London, United Kingdom Birmingham,"
126,"Guinea Conakry, South Africa Pretoria, Puerto Rico San Juan, Brazil Brasilia, Tajikistan Dushanbe, United States Washington, D.C., Argentina",Buenos Aires,"Buenos Aires, Russia Moscow, France Paris, United States New"
127,"Namibia Windhoek, United Arab Emirates Abu Dhabi, Sri Lanka Colombo, Italy Rome, China Beijing, Tunisia Tunis, Serbia",Belgrade,"Belgrade, Turkey Istanbul, Russia Moscow, South"
128,"Vietnam Hanoi, Nigeria Abuja, Peru Lima, Republic of the Congo Brazzaville, Bolivia Sucre, Tunisia Tunis, Madagascar",Antananarivo,"Antananarivo, and 2 more
The"
129,"Canada Ottawa, Timor-Leste Dili, Turkey Ankara, Guinea Conakry, Poland Warsaw, Ecuador Quito, Denmark",Copenhagen,"Copenhagen, Argentina Buenos Aires, Uganda K"
130,"Somalia Mogadishu, Libya Tripoli, Israel Jerusalem, India New Delhi, Djibouti Djibouti, Trinidad and Tobago Port-of-Spain, Azerbaijan",Baku,"Baku, United States Washington, United States Washington, Russia"
131,"Syria Damascus, Tanzania Dodoma, Italy Rome, Switzerland Bern, Palestine Ramallah, Sri Lanka Colombo, Honduras",Tegucigalpa,"Tegucigalpa, India New Delhi,"
132,"Syria Damascus, Ivory Coast Yamoussoukro, Mozambique Maputo, United States Washington, D.C., Gambia Banjul, Ghana Accra, France",Paris,"Paris, Zimbabwe Harare, Nigeria Ab"
133,"Tanzania Dodoma, Zimbabwe Harare, Spain Madrid, United Kingdom London, Nigeria Abuja, South Africa Pretoria, Austria",Vienna,"Vienna, Germany Frankfurt, United States New York, United States"
134,"Hong Kong Hong Kong, New Zealand Wellington, Eswatini Mbabane, Turkey Ankara, Australia Canberra, Finland Helsinki, Kenya",Nairobi,"Nairobi, Netherlands The Hague, United Kingdom London"
135,"Taiwan Taipei, Netherlands Amsterdam, Equatorial Guinea Malabo, Cuba Havana, Gambia Banjul, Turkmenistan Ashgabat, Haiti",Port-au-Prince,"Port-au-Prince, Saint Lucia Castries"
136,"Eswatini Mbabane, Palestine Ramallah, Brazil Brasilia, Pakistan Islamabad, Italy Rome, Morocco Rabat, Rwanda",Kigali,"Kigali, United Kingdom London, Germany Berlin, United"
137,"India New Delhi, Finland Helsinki, Pakistan Islamabad, Tajikistan Dushanbe, Germany Berlin, Israel Jerusalem, DR Congo",Kinshasa,"Kinshasa, France Paris, Russia Moscow, China Be"
138,"South Africa Pretoria, Ivory Coast Yamoussoukro, Lesotho Maseru, Slovenia Ljubljana, Chad N'Djamena, Taiwan Taipei, Madagascar",Antananarivo,"Antananarivo, Burkina Faso O"
139,"Kazakhstan Nursultan, Switzerland Bern, Cuba Havana, Afghanistan Kabul, Philippines Manila, Slovakia Bratislava, Lithuania",Vilnius,"Vilnius, Russia Moscow, Netherlands Amsterdam, Germany Berlin,"
140,"Benin Porto-Novo, Rwanda Kigali, Italy Rome, Spain Madrid, Canada Ottawa, Equatorial Guinea Malabo, Namibia",Windhoek,"Windhoek, United Kingdom London, United States of America"
141,"Senegal Dakar, South Africa Pretoria, Guinea Conakry, United Arab Emirates Abu Dhabi, Sri Lanka Colombo, Uganda Kampala, France",Paris,"Paris, Mali Bamako, Ghana Accra"
142,"Czech Republic Prague, Bolivia Sucre, Kyrgyzstan Bishkek, Brazil Brasilia, Jordan Amman, Gambia Banjul, Uganda",Kampala,"Kampala, Uruguay Montevideo, Uruguay Montevideo,"
143,"United States Washington, D.C., Pakistan Islamabad, Israel Jerusalem, Oman Muscat, South Sudan Juba, Japan Tokyo, Guinea-Bissau",Bissau,"Bissau, Sierra Leone Freetown, Leb"
144,"Guinea Conakry, Burundi Bujumbura, Sweden Stockholm, Croatia Zagreb, Morocco Rabat, United States Washington, D.C., Niger",Niamey,"ia Abuja, France Paris, South Africa Pret"
145,"Equatorial Guinea Malabo, Palestine Ramallah, Puerto Rico San Juan, Yemen Sanaa, Taiwan Taipei, Gambia Banjul, Ghana",Accra,"Accra, Guinea Conakry, Guinea-Biss"
146,"Cameroon Yaounde, Mexico Mexico City, Gambia Banjul, Namibia Windhoek, Equatorial Guinea Malabo, Republic of the Congo Brazzaville, Honduras",Tegucigalpa,"Tegucigalpa, Ethiopia Addis"
147,"DR Congo Kinshasa, Mongolia Ulaanbaatar, United Arab Emirates Abu Dhabi, Brazil Brasilia, Panama Panama City, Gambia Banjul, Liberia",Monrovia,"Monrovia, South Sudan Juba, Kenya"
148,"Mozambique Maputo, Kazakhstan Nursultan, Finland Helsinki, Vietnam Hanoi, Cyprus Nicosia, Tanzania Dodoma, Oman",Muscat,"Muscat, United Arab Emirates Abu Dhab"
149,"Libya Tripoli, Canada Ottawa, Ethiopia Addis Ababa, New Zealand Wellington, Greece Athens, India New Delhi, Bosnia and Herzegovina",Sarajevo,"Sarajevo, Israel Jerusalem, Italy Rome, Italy Milan"
150,"Chile Santiago, Philippines Manila, Morocco Rabat, Spain Madrid, Switzerland Bern, Kenya Nairobi, Zimbabwe",Harare,"Harare, South Africa Johannesburg, United Arab Emir"
151,"Nepal Kathmandu, Ecuador Quito, Benin Porto-Novo, Philippines Manila, Portugal Lisbon, Bosnia and Herzegovina Sarajevo, Bahrain",Manama,"Manama, Italy Rome, India Delhi, France Paris"
152,"Kyrgyzstan Bishkek, Australia Canberra, Brazil Brasilia, Burundi Bujumbura, Uruguay Montevideo, Mauritius Port Louis, Algeria",Algiers,"Algiers, Bahrain Manama, Bangladesh"
153,"Zambia Lusaka, Equatorial Guinea Malabo, Burkina Faso Ouagadougou, Australia Canberra, Uruguay Montevideo, Burundi Bujumbura, Togo",Lomé,"Lome, Rwanda Kigali, South Africa"
154,"Uruguay Montevideo, Mauritania Nouakchott, United States Washington, D.C., Yemen Sanaa, Ivory Coast Yamoussoukro, Brazil Brasilia, Slovenia",Ljubljana,"Ljubljana, United States Washington, D.C"
155,"Belgium Brussels, New Zealand Wellington, Republic of the Congo Brazzaville, Brazil Brasilia, United Arab Emirates Abu Dhabi, Nepal Kathmandu, Sudan",Khartoum,"Khartoum, United States Washington DC, United States"
156,"United Kingdom London, Algeria Algiers, Benin Porto-Novo, Canada Ottawa, Morocco Rabat, Angola Luanda, Guatemala",Guatemala City,"Guatemala City, Senegal Dakar, South"
157,"Senegal Dakar, Benin Porto-Novo, Nigeria Abuja, Romania Bucharest, Finland Helsinki, Tanzania Dodoma, Armenia",Yerevan,"Yerevan, Malta Valletta, Spain Barcelona"
158,"North Korea Pyongyang, Hong Kong Hong Kong, United States Washington, D.C., Cuba Havana, Nigeria Abuja, Sri Lanka Colombo, Panama",Panama City,"City Panama City, South Africa Cape Town, Russia Moscow"
159,"Trinidad and Tobago Port-of-Spain, Cuba Havana, Sri Lanka Colombo, Taiwan Taipei, Mongolia Ulaanbaatar, North Macedonia Skopje, Qatar",Doha,"Doha, China Beijing, Russia Moscow,"
160,"Pakistan Islamabad, Ethiopia Addis Ababa, Equatorial Guinea Malabo, Ivory Coast Yamoussoukro, Croatia Zagreb, Palestine Ramallah, Greece",Athens,"Athens, Spain Madrid, Italy Rome, Turkey Ank"
161,"Cameroon Yaounde, Gambia Banjul, Paraguay Asunción, South Africa Pretoria, Malaysia Kuala Lumpur, Botswana Gaborone, North Korea",Pyongyang,"Pyongyang, China Beijing, Spain Madrid"
162,"Brazil Brasilia, Syria Damascus, DR Congo Kinshasa, Ecuador Quito, Cameroon Yaounde, Botswana Gaborone, Tajikistan",Dushanbe,"Dushanbe, Afghanistan Kabul, and "
163,"Russia Moscow, Cuba Havana, Bahrain Manama, Tanzania Dodoma, Pakistan Islamabad, New Zealand Wellington, Somalia",Mogadishu,"Mogadishu, South Sudan Juba,"
164,"Ivory Coast Yamoussoukro, Eritrea Asmara, Gambia Banjul, Australia Canberra, El Salvador San Salvador, Gabon Libreville, Netherlands",Amsterdam,"Antilles Curacao, United Kingdom London, Nigeria"
165,"Djibouti Djibouti, Brazil Brasilia, Philippines Manila, Romania Bucharest, Israel Jerusalem, Colombia Bogota, Hong Kong",Hong Kong,"Hong Kong, China Beijing, Italy Milan, France"
166,"India New Delhi, Lithuania Vilnius, Israel Jerusalem, Kazakhstan Nursultan, Estonia Tallinn, Panama Panama City, Mauritius",Port Louis,"Port Louis, and others.
Economy Class Se"
167,"New Zealand Wellington, Greece Athens, Taiwan Taipei, Chile Santiago, Somalia Mogadishu, Morocco Rabat, Denmark",Copenhagen,"Copenhagen, United States New York, United States Chicago"
168,"Ivory Coast Yamoussoukro, Japan Tokyo, United Arab Emirates Abu Dhabi, Norway Oslo, Trinidad and Tobago Port-of-Spain, Somalia Mogadishu, Serbia",Belgrade,"Belgrade, Netherlands Amsterdam, Canada Toronto, Italy Milan,"
169,"Philippines Manila, Austria Vienna, Burundi Bujumbura, New Zealand Wellington, Czech Republic Prague, Italy Rome, Belgium",Brussels,"Brussels, Switzerland Geneva, Germany Berlin, Spain"
170,"Hungary Budapest, Gambia Banjul, Greece Athens, Hong Kong Hong Kong, Tanzania Dodoma, Burundi Bujumbura, Spain",Madrid,"Barcelona, Uganda Kampala, France Paris,"
171,"Sri Lanka Colombo, Spain Madrid, Niger Niamey, Taiwan Taipei, Nigeria Abuja, Ireland Dublin, Iran",Tehran,"Tehran, Italy Rome, Israel Tel Aviv,"
172,"Gambia Banjul, Kenya Nairobi, Myanmar Nay Pyi Taw, Puerto Rico San Juan, Kyrgyzstan Bishkek, Ivory Coast Yamoussoukro, Denmark",Copenhagen,"Copenhagen, Finland Helsinki, Ethiopia"
173,"Burundi Bujumbura, Bolivia Sucre, Brazil Brasilia, Venezuela Caracas, Papua New Guinea Port Moresby, Croatia Zagreb, Armenia",Yerevan,"Yerevan, Cameroon Yaounde, Canada"
174,"Equatorial Guinea Malabo, Serbia Belgrade, Mongolia Ulaanbaatar, South Africa Pretoria, Yemen Sanaa, Ecuador Quito, Netherlands",Amsterdam,"Amsterdam, China Beijing, Nigeria Abuja"
175,"Syria Damascus, Ecuador Quito, Cambodia Phnom Penh, China Beijing, Niger Niamey, Bolivia Sucre, Namibia",Windhoek,"Windhoek, Burundi Bujumbura,"
176,"Libya Tripoli, Trinidad and Tobago Port-of-Spain, Kyrgyzstan Bishkek, Sri Lanka Colombo, Bolivia Sucre, Argentina Buenos Aires, Malawi",Lilongwe,"Lilongwe, Guyana Georgetown, United"
177,"France Paris, Syria Damascus, Bolivia Sucre, Benin Porto-Novo, Republic of the Congo Brazzaville, Sri Lanka Colombo, Haiti",Port-au-Prince,"Port-au-Prince, Costa Rica San Jose,"
178,"Botswana Gaborone, United States Washington, D.C., Saudi Arabia Riyadh, Vietnam Hanoi, United Arab Emirates Abu Dhabi, Venezuela Caracas, Togo",Lomé,"Lome, Nigeria Lagos, Tanzania Dar"
179,"India New Delhi, Benin Porto-Novo, Slovenia Ljubljana, Botswana Gaborone, Algeria Algiers, Bolivia Sucre, Hong Kong",Hong Kong,"Hong Kong, Belarus Minsk, Mali Bam"
180,"Myanmar Nay Pyi Taw, Mexico Mexico City, South Africa Pretoria, Jordan Amman, Estonia Tallinn, Tanzania Dodoma, Tunisia",Tunis,"Tunis, and more.
Mexico City,"
181,"Niger Niamey, Cyprus Nicosia, Philippines Manila, Albania Tirana, Trinidad and Tobago Port-of-Spain, Australia Canberra, Angola",Luanda,"Luanda, Bulgaria Sofia, Cape Verde Pra"
182,"El Salvador San Salvador, France Paris, India New Delhi, Russia Moscow, Tanzania Dodoma, Taiwan Taipei, Sierra Leone",Freetown,"Freetown, and United States Washington, D.C"
183,"Jordan Amman, Azerbaijan Baku, Brazil Brasilia, Netherlands Amsterdam, China Beijing, India New Delhi, Estonia",Tallinn,"Tallinn, France Paris, Germany Berlin, Italy Rome"
184,"Togo Lomé, Slovakia Bratislava, Cameroon Yaounde, Brazil Brasilia, Botswana Gaborone, Morocco Rabat, Niger",Niamey,"ia Abuja, South Africa Pretoria, Z"
185,"Eritrea Asmara, Benin Porto-Novo, Sweden Stockholm, Guinea Conakry, Turkey Ankara, China Beijing, Poland",Warsaw,"Warsaw, South Africa Pretoria, China Beij"
186,"Lebanon Beirut, Thailand Bangkok, Israel Jerusalem, Papua New Guinea Port Moresby, Ecuador Quito, Turkey Ankara, Laos",Vientiane,"Vientiane, Vietnam Hanoi, and 3"
187,"Mozambique Maputo, Trinidad and Tobago Port-of-Spain, Gambia Banjul, Zambia Lusaka, Albania Tirana, Australia Canberra, United Kingdom",London,"London, United States of America Los Angeles, United States of"
188,"Switzerland Bern, India New Delhi, Ghana Accra, Pakistan Islamabad, Croatia Zagreb, Czech Republic Prague, Peru",Lima,"Lima, Chile Santiago, China Beijing, United Kingdom"
189,"Mali Bamako, Trinidad and Tobago Port-of-Spain, Costa Rica San José, Ukraine Kiev, Ecuador Quito, Myanmar Nay Pyi Taw, Libya",Tripoli,"Tripoli, Sri Lanka Colombo, United"
190,"Nigeria Abuja, Belgium Brussels, Botswana Gaborone, Trinidad and Tobago Port-of-Spain, Benin Porto-Novo, Syria Damascus, Colombia",Bogota,"Bogota, South Africa Johannesburg, South Sudan J"
191,"Kazakhstan Nursultan, Madagascar Antananarivo, Singapore Singapore, Philippines Manila, United Arab Emirates Abu Dhabi, Sudan Khartoum, South Sudan",Juba,"Juba, Kazakhstan Nursultan, South Africa"
192,"Bahrain Manama, Ivory Coast Yamoussoukro, Vietnam Hanoi, Croatia Zagreb, Portugal Lisbon, Switzerland Bern, Tajikistan",Dushanbe,"Dushanbe, United Arab Emirates Abu"
193,"Pakistan Islamabad, Laos Vientiane, Burundi Bujumbura, Tunisia Tunis, Morocco Rabat, Mauritania Nouakchott, Norway",Oslo,"Oslo, and 11 more cities.
Get"
194,"Ecuador Quito, Turkey Ankara, Namibia Windhoek, Philippines Manila, United Kingdom London, Rwanda Kigali, Mongolia",Ulaanbaatar,"Ulaanbaatar, South Africa Cape Town, South"
195,"Algeria Algiers, Vietnam Hanoi, Canada Ottawa, Palestine Ramallah, Australia Canberra, Timor-Leste Dili, Liberia",Monrovia,"Monrovia, Malaysia Kuala Lumpur"
196,"Pakistan Islamabad, Turkey Ankara, Canada Ottawa, Bulgaria Sofia, Mozambique Maputo, Mauritania Nouakchott, Estonia",Tallinn,"Tallinn, Ethiopia Addis Ababa,"
197,"Republic of the Congo Brazzaville, Sri Lanka Colombo, Australia Canberra, Dominican Republic Santo Domingo, Turkey Ankara, Senegal Dakar, Greece",Athens,"Athens, Madagascar Antananarivo,"
198,"Canada Ottawa, Morocco Rabat, Trinidad and Tobago Port-of-Spain, North Macedonia Skopje, Lithuania Vilnius, Kenya Nairobi, Mongolia",Ulaanbaatar,"Ulaanbaatar, Poland Warsaw, South Africa"
199,"Malaysia Kuala Lumpur, Dominican Republic Santo Domingo, Ecuador Quito, Iraq Baghdad, Australia Canberra, Brazil Brasilia, Rwanda",Kigali,"Kigali, Egypt Cairo, Ethiopia Add"
200,"Canada Ottawa, Romania Bucharest, Israel Jerusalem, Ghana Accra, El Salvador San Salvador, Sri Lanka Colombo, Lithuania",Vilnius,"Vilnius, France Paris, Netherlands Amsterdam, United States Washington"
201,"Philippines Manila, Hong Kong Hong Kong, Saudi Arabia Riyadh, Morocco Rabat, Zambia Lusaka, Canada Ottawa, Sweden",Stockholm,"Stockholm, China Shanghai, Japan Tokyo, Vietnam Hano"
202,"South Africa Pretoria, North Korea Pyongyang, Oman Muscat, Turkey Ankara, Tajikistan Dushanbe, United States Washington, D.C., Qatar",Doha,"Doha, Zambia Lusaka, and"
203,"South Africa Pretoria, Pakistan Islamabad, Greece Athens, Togo Lomé, Uruguay Montevideo, Australia Canberra, Nicaragua",Managua,"Managua, Cuba Havana, Italy Rome, Switzerland Bern"
204,"Sri Lanka Colombo, Benin Porto-Novo, Norway Oslo, Republic of the Congo Brazzaville, Mexico Mexico City, Nigeria Abuja, Finland",Helsinki,"Helsinki, Sierra Leone Freetown, United"
205,"Afghanistan Kabul, Somalia Mogadishu, Philippines Manila, France Paris, Taiwan Taipei, Ecuador Quito, Portugal",Lisbon,"Lisbon, United Kingdom London, United States Washington, United"
206,"Myanmar Nay Pyi Taw, Estonia Tallinn, Syria Damascus, Ecuador Quito, Mauritius Port Louis, Bolivia Sucre, Bosnia and Herzegovina",Sarajevo,"Sarajevo, Afghanistan Kabul, Colombia Bogota"
207,"India New Delhi, Russia Moscow, Switzerland Bern, South Korea Seoul, Sudan Khartoum, South Africa Pretoria, Panama",Panama City,"Panama City, Saudi Arabia Riyadh"
208,"Ukraine Kiev, Yemen Sanaa, Gambia Banjul, Burundi Bujumbura, Ivory Coast Yamoussoukro, Czech Republic Prague, Mexico",Mexico City,"Mexico City, Kenya Nairobi, Mali B"
209,"Canada Ottawa, Honduras Tegucigalpa, Brazil Brasilia, Switzerland Bern, Mali Bamako, Chad N'Djamena, Angola",Luanda,"Luanda, United Kingdom London, France Paris, United States"
210,"Eritrea Asmara, Bolivia Sucre, United States Washington, D.C., Nigeria Abuja, Singapore Singapore, Angola Luanda, Qatar",Doha,"Doha, Ethiopia Addis Ababa,"
211,"Benin Porto-Novo, Bahrain Manama, Equatorial Guinea Malabo, Malawi Lilongwe, Myanmar Nay Pyi Taw, Egypt Cairo, Laos",Vientiane,"Vientiane, Madagascar Antananarivo"
212,"Vietnam Hanoi, Denmark Copenhagen, Tanzania Dodoma, Israel Jerusalem, Serbia Belgrade, Bulgaria Sofia, Lesotho",Maseru,"Maseru, Lithuania Vilnius, Tanz"
213,"Kazakhstan Nursultan, Ivory Coast Yamoussoukro, Vietnam Hanoi, France Paris, Norway Oslo, Argentina Buenos Aires, Cambodia",Phnom Penh,"Phnom Penh, Singapore Singapore, Kazakhstan N"
214,"Georgia Tbilisi, Namibia Windhoek, Burkina Faso Ouagadougou, Pakistan Islamabad, Ivory Coast Yamoussoukro, Philippines Manila, Kuwait",Kuwait City,"Kuwait City, Mali Bamako, Mold"
215,"Kyrgyzstan Bishkek, Canada Ottawa, Libya Tripoli, Trinidad and Tobago Port-of-Spain, South Africa Pretoria, Djibouti Djibouti, Uruguay",Montevideo,"Montevideo, United States Washington,
United States Washington"
216,"Morocco Rabat, United States Washington, D.C., Germany Berlin, Estonia Tallinn, Nigeria Abuja, Costa Rica San José, Hong Kong",Hong Kong,", China Hong Kong, and 15 more
Cor"
217,"Eswatini Mbabane, Trinidad and Tobago Port-of-Spain, Mongolia Ulaanbaatar, New Zealand Wellington, India New Delhi, Hong Kong Hong Kong, Algeria",Algiers,"Algiers, Saudi Arabia Riyadh"
218,"Colombia Bogota, Cameroon Yaounde, Benin Porto-Novo, Iraq Baghdad, Brazil Brasilia, Netherlands Amsterdam, Namibia",Windhoek,"Windhoek, South Africa Johannesburg, Sudan Kh"
219,"India New Delhi, Cyprus Nicosia, Bangladesh Dhaka, South Africa Pretoria, El Salvador San Salvador, Switzerland Bern, North Korea",Pyongyang,"Pyongyang, Kazakhstan Astana, Sri"
220,"United Arab Emirates Abu Dhabi, Equatorial Guinea Malabo, Taiwan Taipei, Slovakia Bratislava, Uganda Kampala, Guinea Conakry, United Kingdom",London,"London, Togo Lome, India New Delhi,"
221,"India New Delhi, Burundi Bujumbura, Equatorial Guinea Malabo, Panama Panama City, Nicaragua Managua, Cambodia Phnom Penh, Bulgaria",Sofia,"Sofia, Indonesia Jakarta, Niger Niger, South"
222,"Bangladesh Dhaka, Switzerland Bern, Cyprus Nicosia, Nigeria Abuja, Yemen Sanaa, Turkey Ankara, Botswana",Gaborone,"Gaborone, China Beijing, China Chong"
223,"Jamaica Kingston, United States Washington, D.C., Colombia Bogota, India New Delhi, South Africa Pretoria, Germany Berlin, Italy",Rome,"Rome, Japan Tokyo, United Kingdom London, Spain Madrid,"
224,"Croatia Zagreb, Benin Porto-Novo, Canada Ottawa, Cameroon Yaounde, Greece Athens, Chad N'Djamena, North Korea",Pyongyang,"Pyongyang, Niger Abuja, Nigeria"
225,"Ivory Coast Yamoussoukro, Qatar Doha, Trinidad and Tobago Port-of-Spain, United States Washington, D.C., Mauritius Port Louis, Thailand Bangkok, Armenia",Yerevan,"Yerevan, India New Delhi, United States New"
226,"Burundi Bujumbura, Cameroon Yaounde, North Macedonia Skopje, Oman Muscat, Algeria Algiers, Tanzania Dodoma, Panama",Panama City,"Panama City, Zimbabwe Harare, Z"
227,"China Beijing, Costa Rica San José, Turkey Ankara, South Sudan Juba, Gambia Banjul, Peru Lima, Republic of the Congo",Brazzaville,"Brazzaville, Chile Santiago, and United Kingdom London"
228,"China Beijing, Myanmar Nay Pyi Taw, Mali Bamako, Croatia Zagreb, Gambia Banjul, Rwanda Kigali, Sierra Leone",Freetown,"Freetown, Ethiopia Addis Ababa,"
229,"China Beijing, Bahrain Manama, Ivory Coast Yamoussoukro, Lesotho Maseru, Bulgaria Sofia, Australia Canberra, Qatar",Doha,"Doha, South Africa Cape Town, Egypt Cairo"
230,"Cameroon Yaounde, New Zealand Wellington, Sierra Leone Freetown, Switzerland Bern, Singapore Singapore, Ireland Dublin, Chad",N'Djamena,"N'Djamena, China Beijing,"
231,"DR Congo Kinshasa, Brazil Brasilia, Bosnia and Herzegovina Sarajevo, Sudan Khartoum, Burundi Bujumbura, India New Delhi, Senegal",Dakar,"Dakar, Ethiopia Addis Ababa, Guinea"
232,"China Beijing, New Zealand Wellington, Bosnia and Herzegovina Sarajevo, Sierra Leone Freetown, Colombia Bogota, Tanzania Dodoma, Honduras",Tegucigalpa,"Tegucigalpa, Hong Kong, China,"
233,"Australia Canberra, Tanzania Dodoma, Ivory Coast Yamoussoukro, Timor-Leste Dili, Norway Oslo, Mongolia Ulaanbaatar, Bangladesh",Dhaka,"Dhaka, Canada Ottawa, Nigeria Abu"
234,"Pakistan Islamabad, Mali Bamako, United Arab Emirates Abu Dhabi, South Korea Seoul, New Zealand Wellington, Bangladesh Dhaka, Nepal",Kathmandu,"Kathmandu, Sri Lanka Colombo,"
235,"Greece Athens, Trinidad and Tobago Port-of-Spain, New Zealand Wellington, Timor-Leste Dili, Turkey Ankara, South Sudan Juba, Mozambique",Maputo,"Maputo, Zimbabwe Harare, United States"
236,"Taiwan Taipei, Mexico Mexico City, Bosnia and Herzegovina Sarajevo, Colombia Bogota, Canada Ottawa, Burundi Bujumbura, Slovenia",Ljubljana,"Ljubljana, China Beijing, Denmark"
237,"Gambia Banjul, Israel Jerusalem, Ethiopia Addis Ababa, Pakistan Islamabad, Palestine Ramallah, Austria Vienna, Hungary",Budapest,"Budapest, UAE Abu Dhabi, USA Washington"
238,"Sri Lanka Colombo, Morocco Rabat, Burkina Faso Ouagadougou, Turkey Ankara, Belarus Minsk, Romania Bucharest, Guinea",Conakry,"Conakry, Guinea-Bissau Bissau"
239,"Vietnam Hanoi, Namibia Windhoek, Philippines Manila, Ivory Coast Yamoussoukro, Senegal Dakar, Mali Bamako, Mauritania",Nouakchott,"Nouakchott, Benin Cotonou,"
240,"Venezuela Caracas, Brazil Brasilia, Rwanda Kigali, United Arab Emirates Abu Dhabi, Uganda Kampala, Ivory Coast Yamoussoukro, Kuwait",Kuwait City,"Kuwait City, Malawi Lilongwe,"
241,"North Macedonia Skopje, Ivory Coast Yamoussoukro, Dominican Republic Santo Domingo, Morocco Rabat, Ghana Accra, Turkey Ankara, Serbia",Belgrade,"Belgrade, Poland Warsaw, Germany Berlin, Luxembourg"
242,"Puerto Rico San Juan, Myanmar Nay Pyi Taw, Australia Canberra, Namibia Windhoek, Guinea Conakry, Benin Porto-Novo, Jamaica",Kingston,"Kingston, South Africa Cape Town, South Africa Cape Town"
243,"Central African Republic Bangui, Burundi Bujumbura, Hungary Budapest, Philippines Manila, Morocco Rabat, Liberia Monrovia, Thailand",Bangkok,"Bangkok, Tunisia Tunis, Ug"
244,"Ivory Coast Yamoussoukro, Lesotho Maseru, Tanzania Dodoma, Togo Lomé, Turkey Ankara, Syria Damascus, Greece",Athens,"Athens, Greece Thessaloniki, Guinea Con"
245,"Central African Republic Bangui, Italy Rome, Trinidad and Tobago Port-of-Spain, Canada Ottawa, Colombia Bogota, United Arab Emirates Abu Dhabi, Peru",Lima,"Lima, United States New York, Mexico City, United States"
246,"Hungary Budapest, Israel Jerusalem, Bolivia Sucre, Qatar Doha, Portugal Lisbon, Benin Porto-Novo, Lithuania",Vilnius,"Vilnius, Macedonia Skopje, Luxembourg"
247,"Peru Lima, Switzerland Bern, Canada Ottawa, Kuwait Kuwait City, Portugal Lisbon, Pakistan Islamabad, Mexico",Mexico City,"Mexico City, Singapore Singapore, South Africa Johannesburg, United"
248,"Netherlands Amsterdam, United States Washington, D.C., Tanzania Dodoma, South Korea Seoul, Sri Lanka Colombo, Uzbekistan Tashkent, Botswana",Gaborone,"Gaborone, Ghana Accra, India Mumb"
249,"Mauritius Port Louis, France Paris, Benin Porto-Novo, United States Washington, D.C., El Salvador San Salvador, Myanmar Nay Pyi Taw, Bosnia and Herzegovina",Sarajevo,"Sarajevo, France Paris, United Kingdom London, M"
250,"Belgium Brussels, Philippines Manila, Cameroon Yaounde, Bangladesh Dhaka, Burundi Bujumbura, Madagascar Antananarivo, Finland",Helsinki,"Helsinki, Indonesia Jakarta, Kenya N"
251,"Cameroon Yaounde, Canada Ottawa, Ethiopia Addis Ababa, Singapore Singapore, Bahrain Manama, Trinidad and Tobago Port-of-Spain, Venezuela",Caracas,"Caracas, Nigeria Abuja, Ug"
252,"Malawi Lilongwe, Kazakhstan Nursultan, Bosnia and Herzegovina Sarajevo, Myanmar Nay Pyi Taw, Afghanistan Kabul, New Zealand Wellington, Ukraine",Kiev,"Kiev, Nigeria Abuja, United Kingdom London"
253,"Burundi Bujumbura, Turkey Ankara, Singapore Singapore, North Korea Pyongyang, Ghana Accra, Equatorial Guinea Malabo, Colombia",Bogota,"Bogota, Guinea Conakry, Madagascar Ant"
254,"Canada Ottawa, South Sudan Juba, Israel Jerusalem, South Korea Seoul, Libya Tripoli, Cameroon Yaounde, Spain",Madrid,"Madrid, Syria Damascus, United States Washington,"
255,"Romania Bucharest, India New Delhi, Moldova Chisinau, Benin Porto-Novo, Bulgaria Sofia, Taiwan Taipei, Botswana",Gaborone,"Gaborone, Czech Republic Prague, Greece Athens"
256,"Gambia Banjul, Saudi Arabia Riyadh, China Beijing, Australia Canberra, Slovenia Ljubljana, Japan Tokyo, Eritrea",Asmara,"Asmara, Canada Ottawa, Sweden Stockholm, South"
257,"Saudi Arabia Riyadh, Myanmar Nay Pyi Taw, Morocco Rabat, Cameroon Yaounde, Uganda Kampala, Slovenia Ljubljana, Sierra Leone",Freetown,"Freetown, Serbia Belgrade, Seychelles"
258,"Tanzania Dodoma, Mongolia Ulaanbaatar, Ivory Coast Yamoussoukro, Iran Tehran, Sri Lanka Colombo, Algeria Algiers, Armenia",Yerevan,"Yerevan, Zimbabwe Harare, Kaz"
259,"Brazil Brasilia, Ivory Coast Yamoussoukro, Cuba Havana, Iran Tehran, Morocco Rabat, Ghana Accra, Kuwait",Kuwait City,"City, Nigeria Abuja, Oman Muscat"
260,"Burkina Faso Ouagadougou, Venezuela Caracas, Burundi Bujumbura, Trinidad and Tobago Port-of-Spain, Gambia Banjul, Azerbaijan Baku, Turkmenistan",Ashgabat,"Ashgabat, Mali Bamako, Niger"
261,"Chile Santiago, Bolivia Sucre, United Arab Emirates Abu Dhabi, Chad N'Djamena, Ivory Coast Yamoussoukro, Central African Republic Bangui, Spain",Madrid,"Madrid, Ethiopia Addis Ababa, Burk"
262,"Morocco Rabat, Yemen Sanaa, Finland Helsinki, Ivory Coast Yamoussoukro, New Zealand Wellington, Bangladesh Dhaka, Haiti",Port-au-Prince,"Port-au-Prince, and 22 more"
263,"Latvia Riga, Benin Porto-Novo, Poland Warsaw, Gambia Banjul, Burundi Bujumbura, Tajikistan Dushanbe, Libya",Tripoli,"Tripoli, Rwanda Kigali, Z"
264,"Bosnia and Herzegovina Sarajevo, Equatorial Guinea Malabo, Ghana Accra, Canada Ottawa, Romania Bucharest, Vietnam Hanoi, Sweden",Stockholm,"Stockholm, Germany Berlin, Italy Rome, United States Washington,"
265,"Syria Damascus, Iraq Baghdad, Togo Lomé, Israel Jerusalem, Kazakhstan Nursultan, India New Delhi, Lesotho",Maseru,"Maseru, Liberia Monrovia, Libya"
266,"Venezuela Caracas, Bosnia and Herzegovina Sarajevo, Japan Tokyo, Trinidad and Tobago Port-of-Spain, Morocco Rabat, Sri Lanka Colombo, Tajikistan",Dushanbe,"Dushanbe, South Korea Seoul, Ghana"
267,"Oman Muscat, Ivory Coast Yamoussoukro, Kenya Nairobi, Myanmar Nay Pyi Taw, Turkmenistan Ashgabat, Brazil Brasilia, Sweden",Stockholm,"Stockholm, Canada Ottawa, China Beijing, China"
268,"Philippines Manila, North Korea Pyongyang, Portugal Lisbon, Kazakhstan Nursultan, Chad N'Djamena, United States Washington, D.C., Armenia",Yerevan,"Yerevan, Turkmenistan Ashgabat,"
269,"Tajikistan Dushanbe, Gambia Banjul, Liberia Monrovia, Philippines Manila, Zimbabwe Harare, South Africa Pretoria, Denmark",Copenhagen,"Copenhagen, and the United States Washington, DC."
270,"Kazakhstan Nursultan, Benin Porto-Novo, Denmark Copenhagen, Gambia Banjul, Venezuela Caracas, Belgium Brussels, Estonia",Tallinn,"Tallinn, Finland Helsinki, France Paris,"
271,"Iraq Baghdad, Libya Tripoli, Cameroon Yaounde, Myanmar Nay Pyi Taw, Estonia Tallinn, Nigeria Abuja, Cuba",Havana,"Havana, United States of America Washington, United States of"
272,"Cuba Havana, Burundi Bujumbura, Liberia Monrovia, Benin Porto-Novo, Colombia Bogota, Trinidad and Tobago Port-of-Spain, Albania",Tirana,"Tirana, Zimbabwe Harare, South Africa"
273,"Equatorial Guinea Malabo, Liberia Monrovia, Bolivia Sucre, Jamaica Kingston, Cambodia Phnom Penh, Myanmar Nay Pyi Taw, Serbia",Belgrade,"Belgrade, Sri Lanka Colombo, Tanz"
274,"New Zealand Wellington, Haiti Port-au-Prince, Greece Athens, Benin Porto-Novo, Malawi Lilongwe, Turkey Ankara, Indonesia",Jakarta,"Bali, Japan Tokyo, Singapore Singapore, Australia Melbourne,"
275,"Indonesia Jakarta, Switzerland Bern, Sri Lanka Colombo, Albania Tirana, New Zealand Wellington, Djibouti Djibouti, Estonia",Tallinn,"Tallinn, Philippines Manila, Pakistan Islamabad,"
276,"Guinea-Bissau Bissau, Pakistan Islamabad, Mali Bamako, Israel Jerusalem, Madagascar Antananarivo, South Africa Pretoria, Georgia",Tbilisi,"Tbilisi, Somalia Mogadishu,"
277,"Bahrain Manama, Israel Jerusalem, Thailand Bangkok, Myanmar Nay Pyi Taw, Nigeria Abuja, Haiti Port-au-Prince, Czech Republic",Prague,"Prague, and 10 more
Major"
278,"Israel Jerusalem, Saudi Arabia Riyadh, Burundi Bujumbura, Italy Rome, United Arab Emirates Abu Dhabi, Denmark Copenhagen, Ukraine",Kiev,"Kiev, Russia Moscow, Switzerland Geneva, Bahrain"
279,"Taiwan Taipei, Ecuador Quito, Eswatini Mbabane, Tanzania Dodoma, Burkina Faso Ouagadougou, Paraguay Asunción, Bahrain",Manama,"Manama, Mongolia Ulaanbaatar, Bel"
280,"Vietnam Hanoi, Equatorial Guinea Malabo, Turkey Ankara, Venezuela Caracas, Iran Tehran, Saudi Arabia Riyadh, Libya",Tripoli,"Tripoli, China Beijing, Thailand Bang"
281,"Paraguay Asunción, Egypt Cairo, Taiwan Taipei, France Paris, Brazil Brasilia, Burundi Bujumbura, Italy",Rome,"Rome, Australia Sydney, United States Los Angeles, Brazil Sa"
282,"India New Delhi, Sudan Khartoum, Taiwan Taipei, Albania Tirana, Haiti Port-au-Prince, Vietnam Hanoi, North Korea",Pyongyang,"Pyongyang, Japan Tokyo, Singapore Singapore, and"
283,"North Macedonia Skopje, South Africa Pretoria, North Korea Pyongyang, Myanmar Nay Pyi Taw, Republic of the Congo Brazzaville, Canada Ottawa, Puerto Rico",San Juan,"San Juan, Russia Moscow, United States of America Washington,"
284,"United Arab Emirates Abu Dhabi, Cyprus Nicosia, Burkina Faso Ouagadougou, Central African Republic Bangui, Cameroon Yaounde, Ivory Coast Yamoussoukro, Colombia",Bogota,"Bogota, Equatorial Guinea Malabo, Ethiop"
285,"Puerto Rico San Juan, Benin Porto-Novo, Ireland Dublin, South Africa Pretoria, Senegal Dakar, Kazakhstan Nursultan, Kuwait",Kuwait City,"Kuwait City, Malta Valletta, Mont"
286,"Morocco Rabat, Kazakhstan Nursultan, Croatia Zagreb, Taiwan Taipei, Liberia Monrovia, Senegal Dakar, Guinea-Bissau",Bissau,"Bissau, Mauritania Nouakchott"
287,"Lesotho Maseru, Bolivia Sucre, Morocco Rabat, Uruguay Montevideo, Egypt Cairo, Ecuador Quito, Oman",Muscat,"Muscat, and China Beijing, Tianjin"
288,"Mexico Mexico City, Turkey Ankara, Philippines Manila, Mauritania Nouakchott, United States Washington, D.C., Colombia Bogota, Jordan",Amman,"Amman, South Africa Johannesburg, United States New York"
289,"Hong Kong Hong Kong, United States Washington, D.C., Sudan Khartoum, Papua New Guinea Port Moresby, Switzerland Bern, Gambia Banjul, Lesotho",Maseru,"Maseru, Italy Rome, Fiji Suva,"
290,"Finland Helsinki, Romania Bucharest, United States Washington, D.C., United Arab Emirates Abu Dhabi, India New Delhi, Costa Rica San José, Italy",Rome,"Milan, Japan Tokyo, Germany Frankfurt, Spain Madrid, United"
291,"Philippines Manila, Mali Bamako, Iran Tehran, India New Delhi, Australia Canberra, Eritrea Asmara, North Korea",Pyongyang,"Pyongyang, Japan Tokyo, Thailand Bangk"
292,"Israel Jerusalem, Niger Niamey, Benin Porto-Novo, North Macedonia Skopje, Brazil Brasilia, Tajikistan Dushanbe, Guinea-Bissau",Bissau,"Bissau, Burundi Bujumbura,"
293,"Norway Oslo, Paraguay Asunción, Burundi Bujumbura, United States Washington, D.C., Papua New Guinea Port Moresby, Benin Porto-Novo, Peru",Lima,"Lima, Ecuador Quito, France Paris, Gabon"
294,"Thailand Bangkok, China Beijing, Brazil Brasilia, Ivory Coast Yamoussoukro, Mali Bamako, El Salvador San Salvador, Bulgaria",Sofia,"Sofia, Burkina Faso Ouagad"
295,"Afghanistan Kabul, Tanzania Dodoma, Australia Canberra, Norway Oslo, South Africa Pretoria, Hong Kong Hong Kong, Tunisia",Tunis,"Tunis, and United States Washington, D.C."
296,"Taiwan Taipei, Cyprus Nicosia, Guinea Conakry, Saudi Arabia Riyadh, Tanzania Dodoma, Ivory Coast Yamoussoukro, Costa Rica",San José,"San Jose, Kyrgyzstan Bishkek"
297,"Costa Rica San José, Cameroon Yaounde, Trinidad and Tobago Port-of-Spain, Estonia Tallinn, Panama Panama City, United Arab Emirates Abu Dhabi, Cuba",Havana,"Havana, United States New York, United States New York"
298,"Turkey Ankara, Italy Rome, Israel Jerusalem, Belgium Brussels, Ecuador Quito, Puerto Rico San Juan, Paraguay",Asunción,"Asuncion, United States New York, Peru Lima,"
299,"Tajikistan Dushanbe, Switzerland Bern, Croatia Zagreb, Indonesia Jakarta, Philippines Manila, India New Delhi, Singapore",Singapore,"Singapore, Tajikistan Dushanbe
R"
300,"Qatar Doha, Morocco Rabat, United Kingdom London, Guatemala Guatemala City, United States Washington, D.C., Gambia Banjul, Poland",Warsaw,"Warsaw, Qatar Doha, United States Washington"
301,"Brazil Brasilia, Libya Tripoli, Spain Madrid, Switzerland Bern, Chile Santiago, Cameroon Yaounde, Tunisia",Tunis,"Tunis
German Chancellor Angela Merkel"
302,"Turkey Ankara, Georgia Tbilisi, Tanzania Dodoma, Moldova Chisinau, Peru Lima, Trinidad and Tobago Port-of-Spain, Ethiopia",Addis Ababa,"Addis Ababa, South Africa Pretoria, U"
303,"Kyrgyzstan Bishkek, China Beijing, Latvia Riga, Pakistan Islamabad, Chile Santiago, Taiwan Taipei, Burkina Faso",Ouagadougou,"Ouagadougou, Belgium Brussels"
304,"Brazil Brasilia, Madagascar Antananarivo, Bahrain Manama, India New Delhi, Sri Lanka Colombo, Saudi Arabia Riyadh, Djibouti",Djibouti,"Djibouti, Eritrea Asmara,"
305,"Afghanistan Kabul, South Africa Pretoria, Somalia Mogadishu, China Beijing, Benin Porto-Novo, Georgia Tbilisi, Malaysia",Kuala Lumpur,"Kuala Lumpur, Mali Bamako"
306,"Ukraine Kiev, Switzerland Bern, Ivory Coast Yamoussoukro, Niger Niamey, South Africa Pretoria, Thailand Bangkok, DR Congo",Kinshasa,"Kinshasa, Cameroon Yaounde, Ch"
307,"Greece Athens, Myanmar Nay Pyi Taw, Panama Panama City, Gambia Banjul, Morocco Rabat, Nicaragua Managua, Cyprus",Nicosia,"Nicosia, Italy Rome, South Africa Johannesburg,"
308,"Ghana Accra, Taiwan Taipei, Zambia Lusaka, United States Washington, D.C., Portugal Lisbon, Ecuador Quito, Eritrea",Asmara,"Asmara, Tanzania Dar es Salaam"
309,"Ivory Coast Yamoussoukro, Myanmar Nay Pyi Taw, Mongolia Ulaanbaatar, Albania Tirana, South Africa Pretoria, Afghanistan Kabul, Zimbabwe",Harare,"Harare, Rwanda Kigali, Burund"
310,"Saudi Arabia Riyadh, Switzerland Bern, Gambia Banjul, Sweden Stockholm, Ivory Coast Yamoussoukro, Botswana Gaborone, Burkina Faso",Ouagadougou,"Ouagadougou, and Morocco Rab"
311,"Switzerland Bern, Gabon Libreville, Sri Lanka Colombo, Italy Rome, Turkey Ankara, Mozambique Maputo, Kyrgyzstan",Bishkek,"Bishkek, Uzbekistan Tashk"
312,"Myanmar Nay Pyi Taw, Vietnam Hanoi, Guinea Conakry, Singapore Singapore, Honduras Tegucigalpa, Nigeria Abuja, Costa Rica",San José,"San Jose, Japan Tokyo, United States Washington, United States"
313,"Yemen Sanaa, Trinidad and Tobago Port-of-Spain, South Korea Seoul, Kazakhstan Nursultan, Central African Republic Bangui, Benin Porto-Novo, Chile",Santiago,"Santiago, United Kingdom London, Canada Ottawa, South Africa"
314,"Djibouti Djibouti, Hungary Budapest, Kazakhstan Nursultan, Australia Canberra, Turkey Ankara, Italy Rome, Singapore",Singapore,"Singapore, Kazakhstan Nur-Sultan, Kazakh"
315,"Kazakhstan Nursultan, Botswana Gaborone, United States Washington, D.C., Palestine Ramallah, Bulgaria Sofia, Nigeria Abuja, Serbia",Belgrade,"Belgrade, France Paris, Russia Moscow, Germany Berlin,"
316,"Peru Lima, Iraq Baghdad, Equatorial Guinea Malabo, Taiwan Taipei, El Salvador San Salvador, Bolivia Sucre, Senegal",Dakar,"Dakar, Bangladesh Dhaka, Afghanistan"
317,"Haiti Port-au-Prince, Brazil Brasilia, Moldova Chisinau, Japan Tokyo, New Zealand Wellington, Benin Porto-Novo, Austria",Vienna,"Vienna, Argentina Buenos Aires, Guatemala Guatemala"
318,"Ghana Accra, Nigeria Abuja, Guatemala Guatemala City, Pakistan Islamabad, Uganda Kampala, Ecuador Quito, Central African Republic",Bangui,"Bangui, Rwanda Kigali, Seneg"
319,"Panama Panama City, Turkey Ankara, Taiwan Taipei, New Zealand Wellington, Mali Bamako, Qatar Doha, Bangladesh",Dhaka,"Dhaka, Tajikistan Dushanbe"
320,"Spain Madrid, Trinidad and Tobago Port-of-Spain, Estonia Tallinn, Brazil Brasilia, Laos Vientiane, Cameroon Yaounde, Botswana",Gaborone,"Gaborone, Benin Cotonou, Venezuela Car"
321,"Senegal Dakar, Hungary Budapest, China Beijing, Brazil Brasilia, Haiti Port-au-Prince, India New Delhi, Mozambique",Maputo,"Maputo, Nigeria Abuja, Nigeria Lag"
322,"Equatorial Guinea Malabo, Tanzania Dodoma, Ukraine Kiev, Serbia Belgrade, Eswatini Mbabane, United States Washington, D.C., Nicaragua",Managua,"Managua, Democratic Republic of the Congo Kinshasa,"
323,"Morocco Rabat, Cyprus Nicosia, Turkey Ankara, Mexico Mexico City, South Africa Pretoria, Iraq Baghdad, Eritrea",Asmara,"Asmara, Ethiopia Addis Ababa,"
324,"Germany Berlin, Philippines Manila, New Zealand Wellington, Kenya Nairobi, Yemen Sanaa, Brazil Brasilia, Timor-Leste",Dili,"Dili, South Korea Seoul, Turkey Ankara"
325,"Libya Tripoli, United States Washington, D.C., Philippines Manila, Kenya Nairobi, Croatia Zagreb, Sri Lanka Colombo, Cuba",Havana,"Havana, United Kingdom London, Nigeria Abuja"
326,"Azerbaijan Baku, South Africa Pretoria, Cameroon Yaounde, Zimbabwe Harare, Sweden Stockholm, Sri Lanka Colombo, Italy",Rome,"Rome, Ghana Accra, Japan Tokyo, Nigeria"
327,"United States Washington, D.C., Brazil Brasilia, Bolivia Sucre, Papua New Guinea Port Moresby, Serbia Belgrade, Belgium Brussels, Cuba",Havana,"Havana, Finland Helsinki, Germany Berlin, Greece"
328,"El Salvador San Salvador, Haiti Port-au-Prince, Ireland Dublin, Cameroon Yaounde, United States Washington, D.C., Israel Jerusalem, Poland",Warsaw,"Warsaw, Spain Madrid, Mexico City, Mexico Mexico City"
329,"Myanmar Nay Pyi Taw, United Arab Emirates Abu Dhabi, Thailand Bangkok, Pakistan Islamabad, Uzbekistan Tashkent, Norway Oslo, Iraq",Baghdad,"Baghdad, Indonesia Jakarta, Kuwait"
330,"Tunisia Tunis, Pakistan Islamabad, Germany Berlin, Botswana Gaborone, Sri Lanka Colombo, United Arab Emirates Abu Dhabi, Spain",Madrid,"Madrid, Italy Rome, Egypt Cairo, Australia Sydney,"
331,"Dominican Republic Santo Domingo, Mexico Mexico City, Trinidad and Tobago Port-of-Spain, United Arab Emirates Abu Dhabi, Brazil Brasilia, Saudi Arabia Riyadh, DR Congo",Kinshasa,"Kinshasa, Egypt Cairo, France Paris, Germany"
332,"United Arab Emirates Abu Dhabi, Japan Tokyo, Italy Rome, Myanmar Nay Pyi Taw, Costa Rica San José, Brazil Brasilia, Liberia",Monrovia,"Monrovia, Singapore Singapore, New Zealand Auckland"
333,"Chile Santiago, South Africa Pretoria, Venezuela Caracas, Australia Canberra, Turkey Ankara, Hungary Budapest, Oman",Muscat,"Muscat, New Zealand Wellington, Peru Lima, Spain"
334,"Ecuador Quito, Ivory Coast Yamoussoukro, Burkina Faso Ouagadougou, Puerto Rico San Juan, United Arab Emirates Abu Dhabi, South Sudan Juba, Qatar",Doha,"Doha, and 26 moreShow less
"
335,"Turkey Ankara, Trinidad and Tobago Port-of-Spain, North Korea Pyongyang, Canada Ottawa, Azerbaijan Baku, Eswatini Mbabane, Cuba",Havana,"Havana, Cuba Havana, Iran Tehran,"
336,"Morocco Rabat, Egypt Cairo, Bolivia Sucre, United States Washington, D.C., Singapore Singapore, Panama Panama City, Chile",Santiago,"Santiago, Ecuador Quito, France Paris, Italy Rome"
337,"Turkey Ankara, Estonia Tallinn, Canada Ottawa, Jamaica Kingston, Belarus Minsk, Kazakhstan Nursultan, Madagascar",Antananarivo,"Antananarivo, France Paris, Italy Rome,"
338,"Togo Lomé, Kazakhstan Nursultan, Taiwan Taipei, Liberia Monrovia, Kenya Nairobi, New Zealand Wellington, Thailand",Bangkok,"Bangkok, United States of America Washington, United States"
339,"Canada Ottawa, Moldova Chisinau, Ethiopia Addis Ababa, Poland Warsaw, Cameroon Yaounde, Tanzania Dodoma, Japan",Tokyo,"Tokyo, and others
The United Nations (UN) is"
340,"Malawi Lilongwe, Cuba Havana, Canada Ottawa, Spain Madrid, Myanmar Nay Pyi Taw, Switzerland Bern, Palestine",Ramallah,"Ramallah, United Kingdom London, United States Washington,"
341,"Trinidad and Tobago Port-of-Spain, United Arab Emirates Abu Dhabi, Algeria Algiers, Bahrain Manama, Ghana Accra, South Africa Pretoria, Burkina Faso",Ouagadougou,"Ouagadougou, Canada Ottawa, C"
342,"Canada Ottawa, Germany Berlin, United States Washington, D.C., Tanzania Dodoma, Hong Kong Hong Kong, Mali Bamako, Somalia",Mogadishu,"Mogadishu, United Kingdom London, United States"
343,"El Salvador San Salvador, Honduras Tegucigalpa, Israel Jerusalem, Bangladesh Dhaka, China Beijing, Taiwan Taipei, Peru",Lima,"Lima, United States of America Washington, Guatemala Gu"
344,"Paraguay Asunción, Ecuador Quito, Lesotho Maseru, North Macedonia Skopje, Switzerland Bern, Myanmar Nay Pyi Taw, Djibouti",Djibouti,"Djibouti City, Equatorial Guinea Malabo"
345,"China Beijing, United States Washington, D.C., Jamaica Kingston, Bulgaria Sofia, Botswana Gaborone, Cameroon Yaounde, Cuba",Havana,"Havana, Haiti Port-au-Prince"
346,"North Macedonia Skopje, Greece Athens, Czech Republic Prague, New Zealand Wellington, Bolivia Sucre, Morocco Rabat, Singapore",Singapore,"Singapore, Serbia Belgrade, South Africa Cape Town,"
347,"Zimbabwe Harare, Taiwan Taipei, India New Delhi, Czech Republic Prague, Switzerland Bern, Yemen Sanaa, Netherlands",Amsterdam,"Amsterdam, Germany Berlin, Mexico City, United States of America"
348,"Ivory Coast Yamoussoukro, Brazil Brasilia, Ireland Dublin, Madagascar Antananarivo, Costa Rica San José, Vietnam Hanoi, Croatia",Zagreb,"Zagreb, China Beijing, South Korea Seoul"
349,"Kazakhstan Nursultan, Singapore Singapore, Eritrea Asmara, Morocco Rabat, Germany Berlin, Ecuador Quito, North Macedonia",Skopje,"Skopje, Kyrgyzstan Bishke"
350,"Georgia Tbilisi, Djibouti Djibouti, Kazakhstan Nursultan, Serbia Belgrade, India New Delhi, Nigeria Abuja, Gabon",Libreville,"Libreville, Indonesia Jakarta, Pakistan Islamabad"
351,"United Kingdom London, Laos Vientiane, Equatorial Guinea Malabo, Madagascar Antananarivo, Benin Porto-Novo, Ecuador Quito, Mauritania",Nouakchott,"Nouakchott, Mexico Mexico City, Mali"
352,"Taiwan Taipei, Equatorial Guinea Malabo, Slovakia Bratislava, Nicaragua Managua, Burundi Bujumbura, Malawi Lilongwe, Qatar",Doha,"Doha, Uganda Kampala, T"
353,"Israel Jerusalem, Tanzania Dodoma, Kazakhstan Nursultan, Egypt Cairo, Denmark Copenhagen, Russia Moscow, Honduras",Tegucigalpa,"Tegucigalpa, India New Delhi,"
354,"Finland Helsinki, Slovenia Ljubljana, Cameroon Yaounde, United Kingdom London, Bolivia Sucre, Brazil Brasilia, South Korea",Seoul,"Seoul, Czech Republic Prague, Ecuador Quito"
355,"Madagascar Antananarivo, Oman Muscat, South Africa Pretoria, Burundi Bujumbura, India New Delhi, Bosnia and Herzegovina Sarajevo, Uganda",Kampala,"Kampala, Nigeria Abuja, Camero"
356,"Taiwan Taipei, Hungary Budapest, Benin Porto-Novo, Philippines Manila, Guinea-Bissau Bissau, Georgia Tbilisi, Mauritania",Nouakchott,"Nouakchott, Nepal Kathmandu"
357,"Vietnam Hanoi, Ecuador Quito, Moldova Chisinau, Ethiopia Addis Ababa, China Beijing, Iraq Baghdad, Uruguay",Montevideo,"Montevideo, and 14 more.
Tod"
358,"China Beijing, Sierra Leone Freetown, Australia Canberra, Nigeria Abuja, El Salvador San Salvador, Panama Panama City, Eswatini",Mbabane,"Mbabane, China Beijing, Switzerland Gene"
359,"United Arab Emirates Abu Dhabi, Bulgaria Sofia, Ivory Coast Yamoussoukro, Mauritania Nouakchott, Singapore Singapore, Equatorial Guinea Malabo, Finland",Helsinki,"Helsinki, Ghana Accra, Italy Rome,"
360,"Trinidad and Tobago Port-of-Spain, Tanzania Dodoma, Uruguay Montevideo, Poland Warsaw, Senegal Dakar, Australia Canberra, Latvia",Riga,"Riga, Netherlands The Hague, Slovakia Br"
361,"Switzerland Bern, Belarus Minsk, Nicaragua Managua, Israel Jerusalem, India New Delhi, Slovakia Bratislava, Mali",Bamako,"Bamako, United States New York, Italy Rome,"
362,"North Macedonia Skopje, Mauritania Nouakchott, Morocco Rabat, Taiwan Taipei, Portugal Lisbon, Bolivia Sucre, Iraq",Baghdad,"Baghdad, Georgia Tbilisi, Georgia Tbil"
363,"Burundi Bujumbura, New Zealand Wellington, Sudan Khartoum, Ivory Coast Yamoussoukro, Tunisia Tunis, Netherlands Amsterdam, Cambodia",Phnom Penh,"Phnom Penh, United States Washington, Germany Berlin,"
364,"Guinea-Bissau Bissau, Benin Porto-Novo, Germany Berlin, United States Washington, D.C., Jamaica Kingston, Bolivia Sucre, Czech Republic",Prague,"Prague, Denmark Copenhagen, Ecuador Qu"
365,"Ghana Accra, Bahrain Manama, Tanzania Dodoma, Jamaica Kingston, Canada Ottawa, Australia Canberra, Guatemala",Guatemala City,"Guatemala City, Nigeria Abuja, U"
366,"Jordan Amman, Mexico Mexico City, Brazil Brasilia, Bolivia Sucre, Cameroon Yaounde, Rwanda Kigali, Georgia",Tbilisi,"Tbilisi, Indonesia Jakarta, Iraq Bag"
367,"United States Washington, D.C., Malawi Lilongwe, Tanzania Dodoma, Djibouti Djibouti, Switzerland Bern, Japan Tokyo, Romania",Bucharest,"Bucharest, Nigeria Abuja, South Africa"
368,"Tanzania Dodoma, Taiwan Taipei, Ghana Accra, Switzerland Bern, Mauritania Nouakchott, Mexico Mexico City, Eritrea",Asmara,"Asmara, and 11 moreShow less
"
369,"Bangladesh Dhaka, South Africa Pretoria, Sri Lanka Colombo, United Arab Emirates Abu Dhabi, France Paris, Iraq Baghdad, Syria",Damascus,"Damascus, United States of America Washington DC, United"
370,"Pakistan Islamabad, Tajikistan Dushanbe, Timor-Leste Dili, Philippines Manila, Romania Bucharest, Israel Jerusalem, Puerto Rico",San Juan,"San Juan, Rwanda Kigali, Saint Vincent"
371,"Trinidad and Tobago Port-of-Spain, Burkina Faso Ouagadougou, Denmark Copenhagen, Philippines Manila, Israel Jerusalem, Jordan Amman, Saudi Arabia",Riyadh,"Jeddah, Spain Barcelona, United Kingdom London, United"
372,"Pakistan Islamabad, Niger Niamey, United States Washington, D.C., Uzbekistan Tashkent, Germany Berlin, Vietnam Hanoi, Malawi",Lilongwe,"Lilongwe, Mauritania Nouakchott"
373,"Cambodia Phnom Penh, Gambia Banjul, China Beijing, Angola Luanda, United States Washington, D.C., Rwanda Kigali, Slovenia",Ljubljana,"Ljubljana, South Africa Johannesburg, Italy Rome"
374,"Burundi Bujumbura, Malawi Lilongwe, United Kingdom London, Sri Lanka Colombo, Ecuador Quito, Iran Tehran, Zambia",Lusaka,"Lusaka, Zimbabwe Harare
The"
375,"Taiwan Taipei, Sri Lanka Colombo, Botswana Gaborone, Kazakhstan Nursultan, Yemen Sanaa, Tajikistan Dushanbe, Madagascar",Antananarivo,"Antananarivo, Indonesia Jakarta, South"
376,"Timor-Leste Dili, Georgia Tbilisi, Jordan Amman, Tanzania Dodoma, Switzerland Bern, Taiwan Taipei, Bulgaria",Sofia,"Sofia, Croatia Zagreb, Czech Republic Prague"
377,"Taiwan Taipei, Mexico Mexico City, Israel Jerusalem, Vietnam Hanoi, Costa Rica San José, Lithuania Vilnius, Slovenia",Ljubljana,"Ljubljana, Slovakia Bratislava,"
378,"Mali Bamako, Benin Porto-Novo, Iran Tehran, Israel Jerusalem, Nigeria Abuja, Niger Niamey, Ireland",Dublin,"Dublin, Senegal Dakar, Togo Lome"
379,"Liberia Monrovia, Republic of the Congo Brazzaville, India New Delhi, Gambia Banjul, North Korea Pyongyang, Trinidad and Tobago Port-of-Spain, Latvia",Riga,"Riga, Malaysia Kuala Lumpur,"
380,"Dominican Republic Santo Domingo, Turkey Ankara, Lesotho Maseru, Sri Lanka Colombo, South Korea Seoul, Taiwan Taipei, Mali",Bamako,"Bamako, Nigeria Lagos, South Africa Cape"
381,"Vietnam Hanoi, Ethiopia Addis Ababa, Ecuador Quito, Albania Tirana, Italy Rome, Australia Canberra, Liberia",Monrovia,"Monrovia, Ghana Accra, Nigeria Ab"
382,"Kazakhstan Nursultan, Algeria Algiers, Somalia Mogadishu, Gambia Banjul, Lithuania Vilnius, Taiwan Taipei, Bahrain",Manama,"Manama, Nigeria Abuja, United States Washington"
383,"Kazakhstan Nursultan, South Africa Pretoria, Pakistan Islamabad, France Paris, Iran Tehran, Hong Kong Hong Kong, El Salvador",San Salvador,"San Salvador, United Kingdom London, United Arab Emirates"
384,"Turkey Ankara, Guinea Conakry, Egypt Cairo, Republic of the Congo Brazzaville, Ecuador Quito, Cameroon Yaounde, Lesotho",Maseru,"Maseru, Libya Tripoli, Mali"
385,"Uganda Kampala, Saudi Arabia Riyadh, Gabon Libreville, Ivory Coast Yamoussoukro, Tanzania Dodoma, Bolivia Sucre, Niger",Niamey,"ia Abuja, Ghana Accra, Zimb"
386,"Benin Porto-Novo, Moldova Chisinau, Mexico Mexico City, Pakistan Islamabad, Sierra Leone Freetown, Bolivia Sucre, Afghanistan",Kabul,"Kabul, Burkina Faso Ouagad"
387,"New Zealand Wellington, Estonia Tallinn, Poland Warsaw, Bolivia Sucre, Kazakhstan Nursultan, Colombia Bogota, Madagascar",Antananarivo,"Antananarivo, South Africa Cape Town, United"
388,"Egypt Cairo, Ecuador Quito, Romania Bucharest, Pakistan Islamabad, Afghanistan Kabul, Benin Porto-Novo, Guatemala",Guatemala City,"Guatemala City, Guinea Conakry, Guinea-"
389,"Sudan Khartoum, United Kingdom London, China Beijing, Trinidad and Tobago Port-of-Spain, Ivory Coast Yamoussoukro, Spain Madrid, Madagascar",Antananarivo,"Antananarivo, United States of America Washington D"
390,"Ivory Coast Yamoussoukro, Mozambique Maputo, Trinidad and Tobago Port-of-Spain, Jamaica Kingston, Kazakhstan Nursultan, Slovakia Bratislava, Singapore",Singapore,"Singapore, South Africa Cape Town, Spain Madrid, Sri L"
391,"Eswatini Mbabane, Tajikistan Dushanbe, Turkey Ankara, United Arab Emirates Abu Dhabi, DR Congo Kinshasa, Switzerland Bern, El Salvador",San Salvador,"San Salvador, Ethiopia Addis Ababa, Equ"
392,"Liberia Monrovia, Peru Lima, Cameroon Yaounde, Canada Ottawa, Israel Jerusalem, Panama Panama City, Qatar",Doha,"Doha, Senegal Dakar, South Africa"
393,"Ecuador Quito, United Arab Emirates Abu Dhabi, Uganda Kampala, Mozambique Maputo, Togo Lomé, Ivory Coast Yamoussoukro, Hungary",Budapest,"Budapest, Angola Luanda, Kenya Nairobi"
394,"Honduras Tegucigalpa, Turkey Ankara, Syria Damascus, Ecuador Quito, Bahrain Manama, United Arab Emirates Abu Dhabi, Somalia",Mogadishu,"Mogadishu, Iraq Baghdad,"
395,"France Paris, Honduras Tegucigalpa, United States Washington, D.C., India New Delhi, New Zealand Wellington, Costa Rica San José, Jamaica",Kingston,"Kingston, Mexico City, Mexico Mexico City, Guatem"
396,"China Beijing, Vietnam Hanoi, Tanzania Dodoma, Chad N'Djamena, Mauritania Nouakchott, Poland Warsaw, Jordan",Amman,"Amman, Kazakhstan Astana, Indonesia Jak"
397,"Kazakhstan Nursultan, North Korea Pyongyang, Costa Rica San José, Chile Santiago, Taiwan Taipei, Israel Jerusalem, Netherlands",Amsterdam,"Amsterdam, Indonesia Jakarta, Italy Rome, Japan Tokyo"
398,"Israel Jerusalem, Ireland Dublin, South Africa Pretoria, Cuba Havana, Turkmenistan Ashgabat, Australia Canberra, Angola",Luanda,"Luanda, Brazil Brasilia, Ecuador Quito,"
399,"Greece Athens, Central African Republic Bangui, Philippines Manila, Tanzania Dodoma, United Arab Emirates Abu Dhabi, Belarus Minsk, Timor-Leste",Dili,"Dili, Cambodia Phnom Penh, India New"
400,"Somalia Mogadishu, Philippines Manila, Ukraine Kiev, Canada Ottawa, Taiwan Taipei, Hungary Budapest, Libya",Tripoli,"Tripoli, Mexico City, India Mumbai,"
401,"Ivory Coast Yamoussoukro, Bosnia and Herzegovina Sarajevo, Taiwan Taipei, Nicaragua Managua, Equatorial Guinea Malabo, Namibia Windhoek, Serbia",Belgrade,"Belgrade, Angola Luanda, South Africa Cape Town"
402,"Guinea-Bissau Bissau, Bangladesh Dhaka, Tanzania Dodoma, Switzerland Bern, Panama Panama City, Morocco Rabat, Hungary",Budapest,"Budapest, Benin Cotonou, France Paris, India"
403,"United Arab Emirates Abu Dhabi, Central African Republic Bangui, Cameroon Yaounde, Vietnam Hanoi, Moldova Chisinau, North Korea Pyongyang, Malaysia",Kuala Lumpur,"Kuala Lumpur, South Africa Cape Town,"
404,"Ivory Coast Yamoussoukro, Italy Rome, Morocco Rabat, Bulgaria Sofia, Brazil Brasilia, Estonia Tallinn, Indonesia",Jakarta,"Jakarta, Kazakhstan Almaty, Kuw"
405,"Malaysia Kuala Lumpur, Ivory Coast Yamoussoukro, Kazakhstan Nursultan, Slovakia Bratislava, Estonia Tallinn, India New Delhi, Guinea",Conakry,"Bissau Bissau, Czech Republic Prague,"
406,"Benin Porto-Novo, Bolivia Sucre, Bangladesh Dhaka, Gabon Libreville, Cuba Havana, Myanmar Nay Pyi Taw, Liberia",Monrovia,"Monrovia, Kenya Nairobi, Zimb"
407,"Equatorial Guinea Malabo, Georgia Tbilisi, Dominican Republic Santo Domingo, Kazakhstan Nursultan, Niger Niamey, Australia Canberra, Kenya",Nairobi,"Nairobi, United States of America Washington, United States"
408,"Myanmar Nay Pyi Taw, Rwanda Kigali, Benin Porto-Novo, Slovakia Bratislava, Syria Damascus, Vietnam Hanoi, Indonesia",Jakarta,"Jakarta, Japan Tokyo, Japan Osaka, United States"
409,"Kazakhstan Nursultan, France Paris, Australia Canberra, Armenia Yerevan, Burundi Bujumbura, Tunisia Tunis, Niger",Niamey,"ia Abuja, United Arab Emirates Dubai"
410,"Turkey Ankara, Ghana Accra, Slovenia Ljubljana, Paraguay Asunción, China Beijing, Taiwan Taipei, Somalia",Mogadishu,"Mogadishu, United States New York, Switzerland"
411,"Botswana Gaborone, Cameroon Yaounde, Myanmar Nay Pyi Taw, Niger Niamey, Ghana Accra, Benin Porto-Novo, Latvia",Riga,"Riga, Lesotho Maseru, Liberia"
412,"Malawi Lilongwe, Switzerland Bern, Trinidad and Tobago Port-of-Spain, Gambia Banjul, Guinea-Bissau Bissau, Nicaragua Managua, South Korea",Seoul,"Seoul, Rwanda Kigali, Zimb"
413,"Cuba Havana, Canada Ottawa, Cameroon Yaounde, Mauritius Port Louis, India New Delhi, Palestine Ramallah, Libya",Tripoli,"Tripoli, Madagascar Antananarivo"
414,"New Zealand Wellington, United Arab Emirates Abu Dhabi, Thailand Bangkok, Peru Lima, Guinea Conakry, Canada Ottawa, Laos",Vientiane,"Vientiane, Fiji Nadi, United States Washington"
415,"India New Delhi, Oman Muscat, Ecuador Quito, Venezuela Caracas, Sudan Khartoum, Israel Jerusalem, Sweden",Stockholm,"Stockholm, Sweden, Switzerland Geneva, UAE Dubai"
416,"Myanmar Nay Pyi Taw, Austria Vienna, Canada Ottawa, Albania Tirana, Trinidad and Tobago Port-of-Spain, Peru Lima, Republic of the Congo",Brazzaville,"Brazzaville, Argentina Buenos Aires, Australia Canber"
417,"Turkey Ankara, Australia Canberra, Eritrea Asmara, Azerbaijan Baku, Canada Ottawa, Netherlands Amsterdam, Guatemala",Guatemala City,"Guatemala, Honduras Tegucigal"
418,"Jordan Amman, Croatia Zagreb, Benin Porto-Novo, Germany Berlin, Equatorial Guinea Malabo, United States Washington, D.C., Guinea",Conakry,"Conakry, United States Washington, D.C.,"
419,"Myanmar Nay Pyi Taw, Djibouti Djibouti, Sri Lanka Colombo, South Africa Pretoria, Eswatini Mbabane, Denmark Copenhagen, Bahrain",Manama,"Manama, Kuwait Kuwait City, O"
420,"Sudan Khartoum, Mali Bamako, Australia Canberra, Sri Lanka Colombo, United States Washington, D.C., Greece Athens, Norway",Oslo,"Oslo, South Sudan Juba, Yemen S"
421,"Nigeria Abuja, Equatorial Guinea Malabo, Central African Republic Bangui, India New Delhi, Chad N'Djamena, Niger Niamey, Guatemala",Guatemala City,"Guatemala City, Mali Bamako, China"
422,"Latvia Riga, Mauritius Port Louis, Taiwan Taipei, Sri Lanka Colombo, Central African Republic Bangui, Cameroon Yaounde, Timor-Leste",Dili,"Dili, Iceland Reykjavik, Niger"
423,"Trinidad and Tobago Port-of-Spain, Netherlands Amsterdam, Gambia Banjul, Switzerland Bern, Tunisia Tunis, Kuwait Kuwait City, Ireland",Dublin,"Dublin, Italy Rome, Spain Madrid, United States New York"
424,"Brazil Brasilia, United Kingdom London, Ghana Accra, South Africa Pretoria, Ecuador Quito, Mexico Mexico City, Botswana",Gaborone,"Gaborone, Canada Toronto, Chile Santiago, China Be"
425,"El Salvador San Salvador, United Arab Emirates Abu Dhabi, Namibia Windhoek, Vietnam Hanoi, Timor-Leste Dili, Myanmar Nay Pyi Taw, South Korea",Seoul,"Seoul, Tanzania Dar es Salaam,"
426,"Ireland Dublin, South Africa Pretoria, Cameroon Yaounde, Sweden Stockholm, Guinea-Bissau Bissau, Canada Ottawa, Norway",Oslo,"Oslo, Germany Berlin, Spain Madrid, United States of"
427,"Cameroon Yaounde, South Korea Seoul, Gambia Banjul, Cyprus Nicosia, Belarus Minsk, Taiwan Taipei, Nepal",Kathmandu,"Kathmandu, Kenya Nairobi, Niger"
428,"Sri Lanka Colombo, Poland Warsaw, Liberia Monrovia, Burundi Bujumbura, Nigeria Abuja, Nicaragua Managua, Nepal",Kathmandu,"Kathmandu, Philippines Manila, Saudi Arab"
429,"Cameroon Yaounde, Sri Lanka Colombo, Burundi Bujumbura, Togo Lomé, Honduras Tegucigalpa, Hungary Budapest, Guatemala",Guatemala City,"Guatemala City, Mali Bamako, Eth"
430,"Tajikistan Dushanbe, United Arab Emirates Abu Dhabi, Timor-Leste Dili, Vietnam Hanoi, Bulgaria Sofia, Australia Canberra, North Korea",Pyongyang,"Pyongyang, Canada Ottawa, United States Washington"
431,"Switzerland Bern, Ivory Coast Yamoussoukro, Cuba Havana, United Arab Emirates Abu Dhabi, Central African Republic Bangui, Sierra Leone Freetown, Botswana",Gaborone,"Gaborone, Cameroon Yaounde, Al"
432,"Equatorial Guinea Malabo, Canada Ottawa, Russia Moscow, DR Congo Kinshasa, Benin Porto-Novo, Slovenia Ljubljana, Sudan",Khartoum,"Khartoum, Spain Madrid, USA New York,"
433,"Estonia Tallinn, South Africa Pretoria, Brazil Brasilia, Argentina Buenos Aires, Syria Damascus, India New Delhi, Eritrea",Asmara,"Asmara, Egypt Cairo, Ethiopia Add"
434,"Slovakia Bratislava, Morocco Rabat, United States Washington, D.C., China Beijing, Panama Panama City, Malaysia Kuala Lumpur, Italy",Rome,"Rome, Turkey Ankara, and more
Govern"
435,"Lithuania Vilnius, Ivory Coast Yamoussoukro, United States Washington, D.C., Vietnam Hanoi, Bahrain Manama, Chile Santiago, Moldova",Chisinau,"Chisinau, United Arab Emirates Dubai"
436,"Brazil Brasilia, Zimbabwe Harare, Cameroon Yaounde, United Arab Emirates Abu Dhabi, Belgium Brussels, Italy Rome, Madagascar",Antananarivo,"Antananarivo, China Beijing, Mexico"
437,"Cameroon Yaounde, Sweden Stockholm, South Africa Pretoria, India New Delhi, United Kingdom London, Mali Bamako, Algeria",Algiers,"Algiers, Nigeria Abuja, Kenya"
438,"Ukraine Kiev, Zambia Lusaka, Slovakia Bratislava, Ecuador Quito, Trinidad and Tobago Port-of-Spain, Gambia Banjul, Senegal",Dakar,"Dakar, United Arab Emirates Dubai, United"
439,"South Africa Pretoria, Belgium Brussels, Canada Ottawa, Mexico Mexico City, Palestine Ramallah, Turkey Ankara, Portugal",Lisbon,"Lisbon, United States of America Washington D.C.,"
440,"Puerto Rico San Juan, United Arab Emirates Abu Dhabi, Italy Rome, Kazakhstan Nursultan, Jamaica Kingston, Brazil Brasilia, Turkmenistan",Ashgabat,"Ashgabat, United States San Juan, Italy Rome"
441,"Mauritius Port Louis, Philippines Manila, Chile Santiago, Israel Jerusalem, Albania Tirana, Burundi Bujumbura, Malaysia",Kuala Lumpur,"Kuala Lumpur, Mauritius Port Louis"
442,"Burkina Faso Ouagadougou, Cameroon Yaounde, South Africa Pretoria, Tanzania Dodoma, Ireland Dublin, Spain Madrid, North Korea",Pyongyang,"Pyongyang, South Korea Seoul, Switzerland Bern"
443,"Trinidad and Tobago Port-of-Spain, Nigeria Abuja, Singapore Singapore, Georgia Tbilisi, Guinea-Bissau Bissau, New Zealand Wellington, Colombia",Bogota,"Bogotá, South Africa Cape Town, France Paris,"
444,"Tanzania Dodoma, Brazil Brasilia, Russia Moscow, Eswatini Mbabane, Equatorial Guinea Malabo, Ethiopia Addis Ababa, Central African Republic",Bangui,"Bangui, South Africa Pretoria, Egypt Cairo"
445,"United Arab Emirates Abu Dhabi, Bulgaria Sofia, Guatemala Guatemala City, Myanmar Nay Pyi Taw, Portugal Lisbon, China Beijing, El Salvador",San Salvador,"San Salvador, India Mumbai, Indonesia Jakarta"
446,"Singapore Singapore, Ireland Dublin, Bolivia Sucre, Trinidad and Tobago Port-of-Spain, Guinea-Bissau Bissau, Ecuador Quito, Russia",Moscow,"Moscow, United States New York, United States Los Angeles,"
447,"Israel Jerusalem, United States Washington, D.C., Mauritius Port Louis, Bolivia Sucre, Azerbaijan Baku, Liberia Monrovia, Mongolia",Ulaanbaatar,"Ulaanbaatar, Colombia Bogotá, Turk"
448,"Bolivia Sucre, Georgia Tbilisi, Denmark Copenhagen, Kuwait Kuwait City, Benin Porto-Novo, Canada Ottawa, Germany",Berlin,"Frankfurt, Ghana Accra, Hong Kong Hong Kong,"
449,"Serbia Belgrade, United States Washington, D.C., Hong Kong Hong Kong, Turkey Ankara, Brazil Brasilia, Libya Tripoli, Tunisia",Tunis,"Tunis, India New Delhi, United Arab Emir"
450,"Bolivia Sucre, Tunisia Tunis, China Beijing, Cuba Havana, Syria Damascus, South Africa Pretoria, Bulgaria",Sofia,"Sofia, Colombia Bogota, India New Delhi,"
451,"Pakistan Islamabad, Panama Panama City, Yemen Sanaa, Ukraine Kiev, Nigeria Abuja, Bolivia Sucre, Mozambique",Maputo,"Maputo, Nigeria Abuja, Brazil Brasilia"
452,"Taiwan Taipei, Philippines Manila, Ukraine Kiev, Algeria Algiers, Botswana Gaborone, United States Washington, D.C., South Korea",Seoul,"Seoul, United States New York, United States Houston,"
453,"Lithuania Vilnius, Syria Damascus, Ecuador Quito, Mozambique Maputo, Burundi Bujumbura, Ivory Coast Yamoussoukro, Portugal",Lisbon,"Lisbon, Italy Rome, Tajikistan Dush"
454,"Portugal Lisbon, Brazil Brasilia, Tanzania Dodoma, Gabon Libreville, Norway Oslo, India New Delhi, Syria",Damascus,"Damascus, China Beijing, United Arab Em"
455,"Greece Athens, Yemen Sanaa, Angola Luanda, Sri Lanka Colombo, Israel Jerusalem, Ecuador Quito, Singapore",Singapore,"Singapore, Indonesia Jakarta, United States New York,"
456,"DR Congo Kinshasa, Kuwait Kuwait City, Burundi Bujumbura, Philippines Manila, South Africa Pretoria, Chile Santiago, Zimbabwe",Harare,"Harare, Botswana Gaborone, Eth"
457,"Canada Ottawa, Turkey Ankara, Honduras Tegucigalpa, Algeria Algiers, Ivory Coast Yamoussoukro, Armenia Yerevan, Czech Republic",Prague,"Prague, Croatia Zagreb, Denmark Copen"
458,"Philippines Manila, Brazil Brasilia, Israel Jerusalem, Croatia Zagreb, Uzbekistan Tashkent, Namibia Windhoek, Yemen",Sanaa,"Sanaa, Kyrgyzstan Bishke"
459,"Chile Santiago, Costa Rica San José, Turkey Ankara, Turkmenistan Ashgabat, Myanmar Nay Pyi Taw, United Arab Emirates Abu Dhabi, Egypt",Cairo,"Cairo, United States Washington, D.C., United"
460,"Philippines Manila, Belgium Brussels, Equatorial Guinea Malabo, Portugal Lisbon, Italy Rome, South Africa Pretoria, Mauritius",Port Louis,"Port Louis, United Kingdom London, Greece Athens, United"
461,"Malaysia Kuala Lumpur, Israel Jerusalem, Canada Ottawa, Myanmar Nay Pyi Taw, Sweden Stockholm, Liberia Monrovia, Sierra Leone",Freetown,"Freetown, Nigeria Abuja, United States"
462,"Ghana Accra, Republic of the Congo Brazzaville, Taiwan Taipei, Canada Ottawa, Burundi Bujumbura, Cuba Havana, Chad",N'Djamena,"N'Djamena, Equatorial Guinea Malab"
463,"Finland Helsinki, Pakistan Islamabad, Bolivia Sucre, Estonia Tallinn, Bosnia and Herzegovina Sarajevo, Cameroon Yaounde, Guinea",Conakry,"Bissau Bissau, Georgia Tbilisi,"
464,"Somalia Mogadishu, Turkey Ankara, Georgia Tbilisi, Nepal Kathmandu, Pakistan Islamabad, South Africa Pretoria, Laos",Vientiane,"Vientiane, China Beijing, Pakistan Islamabad"
465,"Cambodia Phnom Penh, Estonia Tallinn, Germany Berlin, Philippines Manila, Trinidad and Tobago Port-of-Spain, Taiwan Taipei, El Salvador",San Salvador,"San Salvador, India New Delhi, Hong Kong Hong Kong"
466,"Trinidad and Tobago Port-of-Spain, Ecuador Quito, Uganda Kampala, North Macedonia Skopje, Bolivia Sucre, Kyrgyzstan Bishkek, Thailand",Bangkok,"Chiang Mai, China Shanghai, China Shenzhen"
467,"Bangladesh Dhaka, Myanmar Nay Pyi Taw, United Arab Emirates Abu Dhabi, Hong Kong Hong Kong, Senegal Dakar, Nigeria Abuja, Madagascar",Antananarivo,"Antananarivo, India New Delhi, Japan"
468,"Benin Porto-Novo, Turkey Ankara, China Beijing, Angola Luanda, Cyprus Nicosia, Bahrain Manama, Eswatini",Mbabane,"Mbabane, Iran Tehran, Nigeria"
469,"Sweden Stockholm, Gambia Banjul, Vietnam Hanoi, China Beijing, Uzbekistan Tashkent, Eritrea Asmara, Yemen",Sanaa,"Sana'a, Uganda Kampala,"
470,"Kazakhstan Nursultan, Morocco Rabat, Sri Lanka Colombo, Eritrea Asmara, Haiti Port-au-Prince, Mozambique Maputo, Guinea-Bissau",Bissau,"Bissau, Uzbekistan Tashkent"
471,"Nepal Kathmandu, Australia Canberra, Myanmar Nay Pyi Taw, Central African Republic Bangui, Israel Jerusalem, Kyrgyzstan Bishkek, Mauritania",Nouakchott,"Nouakchott, Mongolia Ulaanba"
472,"Taiwan Taipei, Czech Republic Prague, Nigeria Abuja, Benin Porto-Novo, Croatia Zagreb, Moldova Chisinau, Venezuela",Caracas,"Caracas, Germany Berlin, United States of America Washington"
473,"DR Congo Kinshasa, Vietnam Hanoi, Malaysia Kuala Lumpur, Israel Jerusalem, Morocco Rabat, Netherlands Amsterdam, Moldova",Chisinau,"Chisinau, Nigeria Lagos, Rw"
474,"Slovakia Bratislava, Puerto Rico San Juan, Ivory Coast Yamoussoukro, India New Delhi, Algeria Algiers, Vietnam Hanoi, Oman",Muscat,"Muscat, Italy Rome, Brazil Brasilia, Singapore Singapore"
475,"Nigeria Abuja, Palestine Ramallah, United Arab Emirates Abu Dhabi, United Kingdom London, North Macedonia Skopje, Burundi Bujumbura, Chad",N'Djamena,"N'Djamena, China Beijing,"
476,"Australia Canberra, Nigeria Abuja, Benin Porto-Novo, Argentina Buenos Aires, Uzbekistan Tashkent, Kenya Nairobi, Denmark",Copenhagen,"Copenhagen, Finland Helsinki, Spain Madrid,"
477,"Libya Tripoli, Argentina Buenos Aires, Tanzania Dodoma, Oman Muscat, Taiwan Taipei, Kazakhstan Nursultan, Rwanda",Kigali,"Kigali, Russia Moscow, Bangladesh Dh"
478,"Ireland Dublin, Jamaica Kingston, China Beijing, Pakistan Islamabad, Ghana Accra, Israel Jerusalem, Egypt",Cairo,"Cairo, Russia Moscow, Mexico City, Canada Ottawa"
479,"Laos Vientiane, Cameroon Yaounde, South Africa Pretoria, Russia Moscow, Zimbabwe Harare, United Arab Emirates Abu Dhabi, Oman",Muscat,"Muscat, Ghana Accra, China Beijing"
480,"Poland Warsaw, Laos Vientiane, Morocco Rabat, Canada Ottawa, Cameroon Yaounde, Eswatini Mbabane, Bahrain",Manama,"Manama, India New Delhi, Italy Rome, Lith"
481,"Australia Canberra, Dominican Republic Santo Domingo, Bahrain Manama, Pakistan Islamabad, Honduras Tegucigalpa, Tanzania Dodoma, Somalia",Mogadishu,"Mogadishu, Zimbabwe Harare"
482,"Russia Moscow, Switzerland Bern, New Zealand Wellington, China Beijing, Paraguay Asunción, Thailand Bangkok, Slovenia",Ljubljana,"Ljubljana, United Kingdom London, Spain Madrid,"
483,"United States Washington, D.C., Ecuador Quito, Myanmar Nay Pyi Taw, Slovenia Ljubljana, Oman Muscat, Afghanistan Kabul, Bahrain",Manama,"Manama, Bangladesh Dhaka, Brune"
484,"Togo Lomé, Trinidad and Tobago Port-of-Spain, Nepal Kathmandu, United States Washington, D.C., Benin Porto-Novo, Madagascar Antananarivo, Russia",Moscow,"Moscow, China Beijing, France Paris, United Kingdom"
485,"Kazakhstan Nursultan, Central African Republic Bangui, Pakistan Islamabad, China Beijing, Ireland Dublin, Libya Tripoli, Greece",Athens,"Athens, Italy Rome, Iran Tehran, Turk"
486,"South Africa Pretoria, Sri Lanka Colombo, Ethiopia Addis Ababa, Nigeria Abuja, Hong Kong Hong Kong, Uruguay Montevideo, Hungary",Budapest,"Budapest, Ghana Accra, United Arab Emirates"
487,"Cyprus Nicosia, South Sudan Juba, Azerbaijan Baku, Bolivia Sucre, Ivory Coast Yamoussoukro, New Zealand Wellington, Guinea",Conakry,"Conakry, Venezuela Caracas, Zambia"
488,"Yemen Sanaa, China Beijing, Nigeria Abuja, Sierra Leone Freetown, Morocco Rabat, Peru Lima, Norway",Oslo,"Oslo, United Kingdom London, United States Washington, United"
489,"Uzbekistan Tashkent, United Arab Emirates Abu Dhabi, Moldova Chisinau, China Beijing, Timor-Leste Dili, Philippines Manila, Tunisia",Tunis,"Tunis, Turkey Istanbul, Turkmenistan Ash"
490,"India New Delhi, Ukraine Kiev, Tajikistan Dushanbe, Taiwan Taipei, Puerto Rico San Juan, Gambia Banjul, Jordan",Amman,"Amman, Kazakhstan Almaty, Kyr"
491,"Kazakhstan Nursultan, Sri Lanka Colombo, Philippines Manila, Saudi Arabia Riyadh, Kyrgyzstan Bishkek, Turkmenistan Ashgabat, United Kingdom",London,"London, United States New York, United States New York,"
492,"China Beijing, Oman Muscat, Ecuador Quito, Latvia Riga, Nigeria Abuja, Papua New Guinea Port Moresby, Mexico",Mexico City,"Mexico City, and Spain Madrid.
In the 2"
493,"Bolivia Sucre, Philippines Manila, Denmark Copenhagen, Bahrain Manama, Morocco Rabat, Botswana Gaborone, Mexico",Mexico City,"Mexico City, Australia Sydney, Brazil Rio de Janeiro, Costa"
494,"Trinidad and Tobago Port-of-Spain, Somalia Mogadishu, Albania Tirana, Australia Canberra, Sweden Stockholm, Israel Jerusalem, Moldova",Chisinau,"Chisinau, Canada Toronto, Bahamas N"
495,"Tanzania Dodoma, Indonesia Jakarta, Nigeria Abuja, Benin Porto-Novo, United Kingdom London, Thailand Bangkok, Dominican Republic",Santo Domingo,"Santo Domingo, Ethiopia Addis Ababa,"
496,"Afghanistan Kabul, Azerbaijan Baku, India New Delhi, Sri Lanka Colombo, Laos Vientiane, Morocco Rabat, Puerto Rico",San Juan,"San Juan, Singapore Singapore, Spain Madrid, Tajik"
497,"Slovakia Bratislava, Ecuador Quito, Cyprus Nicosia, Switzerland Bern, Sri Lanka Colombo, Yemen Sanaa, Costa Rica",San José,"San Jose, Denmark Copenhagen, Germany Berlin,"
498,"Mauritius Port Louis, Croatia Zagreb, Israel Jerusalem, Brazil Brasilia, Angola Luanda, Morocco Rabat, Chile",Santiago,"Santiago, and others.
The 11th International"
499,"Honduras Tegucigalpa, Papua New Guinea Port Moresby, Benin Porto-Novo, France Paris, South Africa Pretoria, Nigeria Abuja, Denmark",Copenhagen,"Copenhagen, Germany Berlin, United Kingdom London, United"
